Version: 1 OpenDRIVE: ..\xodr\_cut_in0.xodr, 3DModel: 
time, id, name, x, y, z, h, p, r, speed, wheel_angle, wheel_rot, centerOffsetX, centerOffsetY, centerOffsetZ, ctrl_type, height, laneId, length, model_id, obj_category, obj_type, offset, roadId, s, t, width
0.000, 0, Ego, 10.000, -1.500, 0.000, 0.000, 0.000, 0.000, 10.000, 0.000, 0.000, 1.400, 0.000, 0.900, 0, 1.800, -1, 5.000, 0, 0, 1, 0.000, 0, 10.000, -1.500, 2.000
0.000, 1, A, -0.000, -4.500, 0.000, 0.000, 0.000, 0.000, 14.000, 0.000, 0.000, 1.300, 0.000, 0.800, 0, 1.500, -2, 4.500, 2, 0, 1, 0.000, 0, 0.000, -4.500, 1.800
0.100, 0, Ego, 11.000, -1.500, 0.000, 0.000, 0.000, 0.000, 10.000, 0.000, 2.857, 1.400, 0.000, 0.900, 0, 1.800, -1, 5.000, 0, 0, 1, 0.000, 0, 11.000, -1.500, 2.000
0.100, 1, A, 1.400, -4.500, 0.000, 0.000, 0.000, 0.000, 14.000, 0.000, 4.000, 1.300, 0.000, 0.800, 0, 1.500, -2, 4.500, 2, 0, 1, 0.000, 0, 1.400, -4.500, 1.800
0.200, 0, Ego, 12.000, -1.500, 0.000, 0.000, 0.000, 0.000, 10.000, 0.000, 5.714, 1.400, 0.000, 0.900, 0, 1.800, -1, 5.000, 0, 0, 1, 0.000, 0, 12.000, -1.500, 2.000
0.200, 1, A, 2.800, -4.500, 0.000, 0.000, 0.000, 0.000, 14.000, 0.000, 1.717, 1.300, 0.000, 0.800, 0, 1.500, -2, 4.500, 2, 0, 1, 0.000, 0, 2.800, -4.500, 1.800
0.300, 0, Ego, 13.000, -1.500, 0.000, 0.000, 0.000, 0.000, 10.000, 0.000, 2.288, 1.400, 0.000, 0.900, 0, 1.800, -1, 5.000, 0, 0, 1, 0.000, 0, 13.000, -1.500, 2.000
0.300, 1, A, 4.200, -4.500, 0.000, 0.000, 0.000, 0.000, 14.000, 0.000, 5.717, 1.300, 0.000, 0.800, 0, 1.500, -2, 4.500, 2, 0, 1, 0.000, 0, 4.200, -4.500, 1.800
0.400, 0, Ego, 14.000, -1.500, 0.000, 0.000, 0.000, 0.000, 10.000, 0.000, 5.145, 1.400, 0.000, 0.900, 0, 1.800, -1, 5.000, 0, 0, 1, 0.000, 0, 14.000, -1.500, 2.000
0.400, 1, A, 5.600, -4.500, 0.000, 0.000, 0.000, 0.000, 14.000, 0.000, 3.434, 1.300, 0.000, 0.800, 0, 1.500, -2, 4.500, 2, 0, 1, 0.000, 0, 5.600, -4.500, 1.800
0.500, 0, Ego, 15.000, -1.500, 0.000, 0.000, 0.000, 0.000, 10.000, 0.000, 1.719, 1.400, 0.000, 0.900, 0, 1.800, -1, 5.000, 0, 0, 1, 0.000, 0, 15.000, -1.500, 2.000
0.500, 1, A, 7.000, -4.500, 0.000, 0.000, 0.000, 0.000, 14.000, 0.000, 1.150, 1.300, 0.000, 0.800, 0, 1.500, -2, 4.500, 2, 0, 1, 0.000, 0, 7.000, -4.500, 1.800
0.600, 0, Ego, 16.000, -1.500, 0.000, 0.000, 0.000, 0.000, 10.000, 0.000, 4.576, 1.400, 0.000, 0.900, 0, 1.800, -1, 5.000, 0, 0, 1, 0.000, 0, 16.000, -1.500, 2.000
0.600, 1, A, 8.400, -4.500, 0.000, 0.000, 0.000, 0.000, 14.000, 0.000, 5.150, 1.300, 0.000, 0.800, 0, 1.500, -2, 4.500, 2, 0, 1, 0.000, 0, 8.400, -4.500, 1.800
0.700, 0, Ego, 17.000, -1.500, 0.000, 0.000, 0.000, 0.000, 10.000, 0.000, 1.150, 1.400, 0.000, 0.900, 0, 1.800, -1, 5.000, 0, 0, 1, 0.000, 0, 17.000, -1.500, 2.000
0.700, 1, A, 9.800, -4.500, 0.000, 0.000, 0.000, 0.000, 14.000, 0.000, 2.867, 1.300, 0.000, 0.800, 0, 1.500, -2, 4.500, 2, 0, 1, 0.000, 0, 9.800, -4.500, 1.800
0.800, 0, Ego, 18.000, -1.500, 0.000, 0.000, 0.000, 0.000, 10.000, 0.000, 4.008, 1.400, 0.000, 0.900, 0, 1.800, -1, 5.000, 0, 0, 1, 0.000, 0, 18.000, -1.500, 2.000
0.800, 1, A, 11.200, -4.500, 0.000, 0.000, 0.000, 0.000, 14.000, 0.000, 0.584, 1.300, 0.000, 0.800, 0, 1.500, -2, 4.500, 2, 0, 1, 0.000, 0, 11.200, -4.500, 1.800
0.900, 0, Ego, 19.000, -1.500, 0.000, 0.000, 0.000, 0.000, 10.000, 0.000, 0.582, 1.400, 0.000, 0.900, 0, 1.800, -1, 5.000, 0, 0, 1, 0.000, 0, 19.000, -1.500, 2.000
0.900, 1, A, 12.600, -4.500, 0.000, 0.000, 0.000, 0.000, 14.000, 0.000, 4.584, 1.300, 0.000, 0.800, 0, 1.500, -2, 4.500, 2, 0, 1, 0.000, 0, 12.600, -4.500, 1.800
1.000, 0, Ego, 20.000, -1.500, 0.000, 0.000, 0.000, 0.000, 10.000, 0.000, 3.439, 1.400, 0.000, 0.900, 0, 1.800, -1, 5.000, 0, 0, 1, 0.000, 0, 20.000, -1.500, 2.000
1.000, 1, A, 14.000, -4.500, 0.000, 0.000, 0.000, 0.000, 14.000, 0.000, 2.301, 1.300, 0.000, 0.800, 0, 1.500, -2, 4.500, 2, 0, 1, 0.000, 0, 14.000, -4.500, 1.800
1.100, 0, Ego, 21.000, -1.500, 0.000, 0.000, 0.000, 0.000, 10.000, 0.000, 0.013, 1.400, 0.000, 0.900, 0, 1.800, -1, 5.000, 0, 0, 1, 0.000, 0, 21.000, -1.500, 2.000
1.100, 1, A, 15.400, -4.500, 0.000, 0.000, 0.000, 0.000, 14.000, 0.000, 0.018, 1.300, 0.000, 0.800, 0, 1.500, -2, 4.500, 2, 0, 1, 0.000, 0, 15.400, -4.500, 1.800
1.200, 0, Ego, 22.000, -1.500, 0.000, 0.000, 0.000, 0.000, 10.000, 0.000, 2.870, 1.400, 0.000, 0.900, 0, 1.800, -1, 5.000, 0, 0, 1, 0.000, 0, 22.000, -1.500, 2.000
1.200, 1, A, 16.800, -4.500, 0.000, 0.000, 0.000, 0.000, 14.000, 0.000, 4.018, 1.300, 0.000, 0.800, 0, 1.500, -2, 4.500, 2, 0, 1, 0.000, 0, 16.800, -4.500, 1.800
1.300, 0, Ego, 23.000, -1.500, 0.000, 0.000, 0.000, 0.000, 10.000, 0.000, 5.727, 1.400, 0.000, 0.900, 0, 1.800, -1, 5.000, 0, 0, 1, 0.000, 0, 23.000, -1.500, 2.000
1.300, 1, A, 18.200, -4.500, 0.000, 0.000, 0.000, 0.000, 14.000, 0.000, 1.735, 1.300, 0.000, 0.800, 0, 1.500, -2, 4.500, 2, 0, 1, 0.000, 0, 18.200, -4.500, 1.800
1.400, 0, Ego, 24.000, -1.500, 0.000, 0.000, 0.000, 0.000, 10.000, 0.000, 2.301, 1.400, 0.000, 0.900, 0, 1.800, -1, 5.000, 0, 0, 1, 0.000, 0, 24.000, -1.500, 2.000
1.400, 1, A, 19.600, -4.500, 0.000, 0.000, 0.000, 0.000, 14.000, 0.000, 5.735, 1.300, 0.000, 0.800, 0, 1.500, -2, 4.500, 2, 0, 1, 0.000, 0, 19.600, -4.500, 1.800
1.500, 0, Ego, 25.000, -1.500, 0.000, 0.000, 0.000, 0.000, 10.000, 0.000, 5.158, 1.400, 0.000, 0.900, 0, 1.800, -1, 5.000, 0, 0, 1, 0.000, 0, 25.000, -1.500, 2.000
1.500, 1, A, 21.000, -4.500, 0.000, 0.000, 0.000, 0.000, 14.000, 0.000, 3.451, 1.300, 0.000, 0.800, 0, 1.500, -2, 4.500, 2, 0, 1, 0.000, 0, 21.000, -4.500, 1.800
1.600, 0, Ego, 26.000, -1.500, 0.000, 0.000, 0.000, 0.000, 10.000, 0.000, 1.732, 1.400, 0.000, 0.900, 0, 1.800, -1, 5.000, 0, 0, 1, 0.000, 0, 26.000, -1.500, 2.000
1.600, 1, A, 22.400, -4.500, 0.000, 0.000, 0.000, 0.000, 14.000, 0.000, 1.168, 1.300, 0.000, 0.800, 0, 1.500, -2, 4.500, 2, 0, 1, 0.000, 0, 22.400, -4.500, 1.800
1.700, 0, Ego, 27.000, -1.500, 0.000, 0.000, 0.000, 0.000, 10.000, 0.000, 4.589, 1.400, 0.000, 0.900, 0, 1.800, -1, 5.000, 0, 0, 1, 0.000, 0, 27.000, -1.500, 2.000
1.700, 1, A, 23.800, -4.500, 0.000, 0.000, 0.000, 0.000, 14.000, 0.000, 5.168, 1.300, 0.000, 0.800, 0, 1.500, -2, 4.500, 2, 0, 1, 0.000, 0, 23.800, -4.500, 1.800
1.800, 0, Ego, 28.000, -1.500, 0.000, 0.000, 0.000, 0.000, 10.000, 0.000, 1.163, 1.400, 0.000, 0.900, 0, 1.800, -1, 5.000, 0, 0, 1, 0.000, 0, 28.000, -1.500, 2.000
1.800, 1, A, 25.200, -4.500, 0.000, 0.000, 0.000, 0.000, 14.000, 0.000, 2.885, 1.300, 0.000, 0.800, 0, 1.500, -2, 4.500, 2, 0, 1, 0.000, 0, 25.200, -4.500, 1.800
1.900, 0, Ego, 29.000, -1.500, 0.000, 0.000, 0.000, 0.000, 10.000, 0.000, 4.020, 1.400, 0.000, 0.900, 0, 1.800, -1, 5.000, 0, 0, 1, 0.000, 0, 29.000, -1.500, 2.000
1.900, 1, A, 26.600, -4.500, 0.000, 0.000, 0.000, 0.000, 14.000, 0.000, 0.602, 1.300, 0.000, 0.800, 0, 1.500, -2, 4.500, 2, 0, 1, 0.000, 0, 26.600, -4.500, 1.800
2.000, 0, Ego, 30.000, -1.500, 0.000, 0.000, 0.000, 0.000, 10.000, 0.000, 0.594, 1.400, 0.000, 0.900, 0, 1.800, -1, 5.000, 0, 0, 1, 0.000, 0, 30.000, -1.500, 2.000
2.000, 1, A, 28.000, -4.500, 0.000, 0.000, 0.000, 0.000, 14.000, 0.000, 4.602, 1.300, 0.000, 0.800, 0, 1.500, -2, 4.500, 2, 0, 1, 0.000, 0, 28.000, -4.500, 1.800
2.100, 0, Ego, 31.000, -1.500, 0.000, 0.000, 0.000, 0.000, 10.000, 0.000, 3.451, 1.400, 0.000, 0.900, 0, 1.800, -1, 5.000, 0, 0, 1, 0.000, 0, 31.000, -1.500, 2.000
2.100, 1, A, 29.400, -4.500, 0.000, 0.000, 0.000, 0.000, 14.000, 0.000, 2.319, 1.300, 0.000, 0.800, 0, 1.500, -2, 4.500, 2, 0, 1, 0.000, 0, 29.400, -4.500, 1.800
2.200, 0, Ego, 32.000, -1.500, 0.000, 0.000, 0.000, 0.000, 10.000, 0.000, 0.025, 1.400, 0.000, 0.900, 0, 1.800, -1, 5.000, 0, 0, 1, 0.000, 0, 32.000, -1.500, 2.000
2.200, 1, A, 30.800, -4.500, 0.000, 0.000, 0.000, 0.000, 14.000, 0.000, 0.035, 1.300, 0.000, 0.800, 0, 1.500, -2, 4.500, 2, 0, 1, 0.000, 0, 30.800, -4.500, 1.800
2.300, 0, Ego, 33.000, -1.500, 0.000, 0.000, 0.000, 0.000, 10.000, 0.000, 2.882, 1.400, 0.000, 0.900, 0, 1.800, -1, 5.000, 0, 0, 1, 0.000, 0, 33.000, -1.500, 2.000
2.300, 1, A, 32.200, -4.500, 0.000, 0.000, 0.000, 0.000, 14.000, 0.000, 4.035, 1.300, 0.000, 0.800, 0, 1.500, -2, 4.500, 2, 0, 1, 0.000, 0, 32.200, -4.500, 1.800
2.400, 0, Ego, 34.000, -1.500, 0.000, 0.000, 0.000, 0.000, 10.000, 0.000, 5.740, 1.400, 0.000, 0.900, 0, 1.800, -1, 5.000, 0, 0, 1, 0.000, 0, 34.000, -1.500, 2.000
2.400, 1, A, 33.600, -4.500, 0.000, 0.000, 0.000, 0.000, 14.000, 0.000, 1.752, 1.300, 0.000, 0.800, 0, 1.500, -2, 4.500, 2, 0, 1, 0.000, 0, 33.600, -4.500, 1.800
2.500, 0, Ego, 35.000, -1.500, 0.000, 0.000, 0.000, 0.000, 10.000, 0.000, 2.314, 1.400, 0.000, 0.900, 0, 1.800, -1, 5.000, 0, 0, 1, 0.000, 0, 35.000, -1.500, 2.000
2.500, 1, A, 35.000, -4.500, 0.000, 0.000, 0.000, 0.000, 14.000, 0.000, 5.752, 1.300, 0.000, 0.800, 0, 1.500, -2, 4.500, 2, 0, 1, 0.000, 0, 35.000, -4.500, 1.800
2.600, 0, Ego, 36.000, -1.500, 0.000, 0.000, 0.000, 0.000, 10.000, 0.000, 5.171, 1.400, 0.000, 0.900, 0, 1.800, -1, 5.000, 0, 0, 1, 0.000, 0, 36.000, -1.500, 2.000
2.600, 1, A, 36.400, -4.500, 0.000, 0.000, 0.000, 0.000, 14.000, 0.000, 3.469, 1.300, 0.000, 0.800, 0, 1.500, -2, 4.500, 2, 0, 1, 0.000, 0, 36.400, -4.500, 1.800
2.700, 0, Ego, 37.000, -1.500, 0.000, 0.000, 0.000, 0.000, 10.000, 0.000, 1.745, 1.400, 0.000, 0.900, 0, 1.800, -1, 5.000, 0, 0, 1, 0.000, 0, 37.000, -1.500, 2.000
2.700, 1, A, 37.800, -4.500, 0.000, 0.000, 0.000, 0.000, 14.000, 0.000, 1.186, 1.300, 0.000, 0.800, 0, 1.500, -2, 4.500, 2, 0, 1, 0.000, 0, 37.800, -4.500, 1.800
2.800, 0, Ego, 38.000, -1.500, 0.000, 0.000, 0.000, 0.000, 10.000, 0.000, 4.602, 1.400, 0.000, 0.900, 0, 1.800, -1, 5.000, 0, 0, 1, 0.000, 0, 38.000, -1.500, 2.000
2.800, 1, A, 39.200, -4.500, 0.000, 0.000, 0.000, 0.000, 14.000, 0.000, 5.186, 1.300, 0.000, 0.800, 0, 1.500, -2, 4.500, 2, 0, 1, 0.000, 0, 39.200, -4.500, 1.800
2.900, 0, Ego, 39.000, -1.500, 0.000, 0.000, 0.000, 0.000, 10.000, 0.000, 1.176, 1.400, 0.000, 0.900, 0, 1.800, -1, 5.000, 0, 0, 1, 0.000, 0, 39.000, -1.500, 2.000
2.900, 1, A, 40.600, -4.500, 0.000, 0.000, 0.000, 0.000, 14.000, 0.000, 2.903, 1.300, 0.000, 0.800, 0, 1.500, -2, 4.500, 2, 0, 1, 0.000, 0, 40.600, -4.500, 1.800
3.000, 0, Ego, 40.000, -1.500, 0.000, 0.000, 0.000, 0.000, 10.000, 0.000, 4.033, 1.400, 0.000, 0.900, 0, 1.800, -1, 5.000, 0, 0, 1, 0.000, 0, 40.000, -1.500, 2.000
3.000, 1, A, 42.000, -4.500, 0.000, 0.000, 0.000, 0.000, 14.000, 0.000, 0.619, 1.300, 0.000, 0.800, 0, 1.500, -2, 4.500, 2, 0, 1, 0.000, 0, 42.000, -4.500, 1.800
3.100, 0, Ego, 41.000, -1.500, 0.000, 0.000, 0.000, 0.000, 10.000, 0.000, 0.607, 1.400, 0.000, 0.900, 0, 1.800, -1, 5.000, 0, 0, 1, 0.000, 0, 41.000, -1.500, 2.000
3.100, 1, A, 43.400, -4.500, 0.000, 0.000, 0.000, 0.000, 14.000, 0.000, 4.619, 1.300, 0.000, 0.800, 0, 1.500, -2, 4.500, 2, 0, 1, 0.000, 0, 43.400, -4.500, 1.800
3.200, 0, Ego, 42.000, -1.500, 0.000, 0.000, 0.000, 0.000, 10.000, 0.000, 3.464, 1.400, 0.000, 0.900, 0, 1.800, -1, 5.000, 0, 0, 1, 0.000, 0, 42.000, -1.500, 2.000
3.200, 1, A, 44.800, -4.500, 0.000, 0.000, 0.000, 0.000, 14.000, 0.000, 2.336, 1.300, 0.000, 0.800, 0, 1.500, -2, 4.500, 2, 0, 1, 0.000, 0, 44.800, -4.500, 1.800
3.300, 0, Ego, 43.000, -1.500, 0.000, 0.000, 0.000, 0.000, 10.000, 0.000, 0.038, 1.400, 0.000, 0.900, 0, 1.800, -1, 5.000, 0, 0, 1, 0.000, 0, 43.000, -1.500, 2.000
3.300, 1, A, 46.200, -4.500, 0.000, 0.000, 0.000, 0.000, 14.000, 0.000, 0.053, 1.300, 0.000, 0.800, 0, 1.500, -2, 4.500, 2, 0, 1, 0.000, 0, 46.200, -4.500, 1.800
3.400, 0, Ego, 44.000, -1.500, 0.000, 0.000, 0.000, 0.000, 10.000, 0.000, 2.895, 1.400, 0.000, 0.900, 0, 1.800, -1, 5.000, 0, 0, 1, 0.000, 0, 44.000, -1.500, 2.000
3.400, 1, A, 47.600, -4.500, 0.000, 0.000, 0.000, 0.000, 14.000, 0.000, 4.053, 1.300, 0.000, 0.800, 0, 1.500, -2, 4.500, 2, 0, 1, 0.000, 0, 47.600, -4.500, 1.800
3.500, 0, Ego, 45.000, -1.500, 0.000, 0.000, 0.000, 0.000, 10.000, 0.000, 5.752, 1.400, 0.000, 0.900, 0, 1.800, -1, 5.000, 0, 0, 1, 0.000, 0, 45.000, -1.500, 2.000
3.500, 1, A, 49.000, -4.500, 0.000, 0.000, 0.000, 0.000, 14.000, 0.000, 1.770, 1.300, 0.000, 0.800, 0, 1.500, -2, 4.500, 2, 0, 1, 0.000, 0, 49.000, -4.500, 1.800
3.600, 0, Ego, 46.000, -1.500, 0.000, 0.000, 0.000, 0.000, 10.000, 0.000, 2.326, 1.400, 0.000, 0.900, 0, 1.800, -1, 5.000, 0, 0, 1, 0.000, 0, 46.000, -1.500, 2.000
3.600, 1, A, 50.400, -4.500, 0.000, 0.000, 0.000, 0.000, 14.000, 0.000, 5.770, 1.300, 0.000, 0.800, 0, 1.500, -2, 4.500, 2, 0, 1, 0.000, 0, 50.400, -4.500, 1.800
3.700, 0, Ego, 47.000, -1.500, 0.000, 0.000, 0.000, 0.000, 10.000, 0.000, 5.183, 1.400, 0.000, 0.900, 0, 1.800, -1, 5.000, 0, 0, 1, 0.000, 0, 47.000, -1.500, 2.000
3.700, 1, A, 51.800, -4.500, 0.000, 0.000, 0.000, 0.000, 14.000, 0.000, 3.487, 1.300, 0.000, 0.800, 0, 1.500, -2, 4.500, 2, 0, 1, 0.000, 0, 51.800, -4.500, 1.800
3.800, 0, Ego, 48.000, -1.500, 0.000, 0.000, 0.000, 0.000, 10.000, 0.000, 1.757, 1.400, 0.000, 0.900, 0, 1.800, -1, 5.000, 0, 0, 1, 0.000, 0, 48.000, -1.500, 2.000
3.800, 1, A, 53.200, -4.500, 0.000, 0.000, 0.000, 0.000, 14.000, 0.000, 1.204, 1.300, 0.000, 0.800, 0, 1.500, -2, 4.500, 2, 0, 1, 0.000, 0, 53.200, -4.500, 1.800
3.900, 0, Ego, 49.000, -1.500, 0.000, 0.000, 0.000, 0.000, 10.000, 0.000, 4.614, 1.400, 0.000, 0.900, 0, 1.800, -1, 5.000, 0, 0, 1, 0.000, 0, 49.000, -1.500, 2.000
3.900, 1, A, 54.600, -4.500, 0.000, 0.000, 0.000, 0.000, 14.000, 0.000, 5.204, 1.300, 0.000, 0.800, 0, 1.500, -2, 4.500, 2, 0, 1, 0.000, 0, 54.600, -4.500, 1.800
4.000, 0, Ego, 50.000, -1.500, 0.000, 0.000, 0.000, 0.000, 10.000, 0.000, 1.188, 1.400, 0.000, 0.900, 0, 1.800, -1, 5.000, 0, 0, 1, 0.000, 0, 50.000, -1.500, 2.000
4.000, 1, A, 56.000, -4.500, 0.000, 0.000, 0.000, 0.000, 14.000, 0.000, 2.920, 1.300, 0.000, 0.800, 0, 1.500, -2, 4.500, 2, 0, 1, 0.000, 0, 56.000, -4.500, 1.800
4.100, 0, Ego, 51.000, -1.500, 0.000, 0.000, 0.000, 0.000, 10.000, 0.000, 4.046, 1.400, 0.000, 0.900, 0, 1.800, -1, 5.000, 0, 0, 1, 0.000, 0, 51.000, -1.500, 2.000
4.100, 1, A, 57.400, -4.500, 0.000, 0.000, 0.000, 0.000, 14.000, 0.000, 0.637, 1.300, 0.000, 0.800, 0, 1.500, -2, 4.500, 2, 0, 1, 0.000, 0, 57.400, -4.500, 1.800
4.200, 0, Ego, 52.000, -1.500, 0.000, 0.000, 0.000, 0.000, 10.000, 0.000, 0.619, 1.400, 0.000, 0.900, 0, 1.800, -1, 5.000, 0, 0, 1, 0.000, 0, 52.000, -1.500, 2.000
4.200, 1, A, 58.800, -4.500, 0.000, 0.000, 0.000, 0.000, 14.000, 0.000, 4.637, 1.300, 0.000, 0.800, 0, 1.500, -2, 4.500, 2, 0, 1, 0.000, 0, 58.800, -4.500, 1.800
4.300, 0, Ego, 53.000, -1.500, 0.000, 0.000, 0.000, 0.000, 10.000, 0.000, 3.477, 1.400, 0.000, 0.900, 0, 1.800, -1, 5.000, 0, 0, 1, 0.000, 0, 53.000, -1.500, 2.000
4.300, 1, A, 60.200, -4.500, 0.000, 0.000, 0.000, 0.000, 14.000, 0.000, 2.354, 1.300, 0.000, 0.800, 0, 1.500, -2, 4.500, 2, 0, 1, 0.000, 0, 60.200, -4.500, 1.800
4.400, 0, Ego, 54.000, -1.500, 0.000, 0.000, 0.000, 0.000, 10.000, 0.000, 0.051, 1.400, 0.000, 0.900, 0, 1.800, -1, 5.000, 0, 0, 1, 0.000, 0, 54.000, -1.500, 2.000
4.400, 1, A, 61.600, -4.500, 0.000, 0.000, 0.000, 0.000, 14.000, 0.000, 0.071, 1.300, 0.000, 0.800, 0, 1.500, -2, 4.500, 2, 0, 1, 0.000, 0, 61.600, -4.500, 1.800
4.500, 0, Ego, 55.000, -1.500, 0.000, 0.000, 0.000, 0.000, 10.000, 0.000, 2.908, 1.400, 0.000, 0.900, 0, 1.800, -1, 5.000, 0, 0, 1, 0.000, 0, 55.000, -1.500, 2.000
4.500, 1, A, 63.000, -4.500, 0.000, 0.000, 0.000, 0.000, 14.000, 0.000, 4.071, 1.300, 0.000, 0.800, 0, 1.500, -2, 4.500, 2, 0, 1, 0.000, 0, 63.000, -4.500, 1.800
4.600, 0, Ego, 56.000, -1.500, 0.000, 0.000, 0.000, 0.000, 10.000, 0.000, 5.765, 1.400, 0.000, 0.900, 0, 1.800, -1, 5.000, 0, 0, 1, 0.000, 0, 56.000, -1.500, 2.000
4.600, 1, A, 64.400, -4.500, 0.000, 0.000, 0.000, 0.000, 14.000, 0.000, 1.788, 1.300, 0.000, 0.800, 0, 1.500, -2, 4.500, 2, 0, 1, 0.000, 0, 64.400, -4.500, 1.800
4.700, 0, Ego, 57.000, -1.500, 0.000, 0.000, 0.000, 0.000, 10.000, 0.000, 2.339, 1.400, 0.000, 0.900, 0, 1.800, -1, 5.000, 0, 0, 1, 0.000, 0, 57.000, -1.500, 2.000
4.700, 1, A, 65.791, -4.496, 0.000, 0.003, 0.000, 0.000, 13.911, 0.000, 5.762, 1.300, 0.000, 0.800, 0, 1.500, -2, 4.500, 2, 0, 1, 0.004, 0, 65.791, -4.496, 1.800
4.800, 0, Ego, 58.000, -1.500, 0.000, 0.000, 0.000, 0.000, 10.000, 0.000, 5.196, 1.400, 0.000, 0.900, 0, 1.800, -1, 5.000, 0, 0, 1, 0.000, 0, 58.000, -1.500, 2.000
4.800, 1, A, 67.173, -4.485, 0.000, 0.008, 0.000, 0.000, 13.822, 0.000, 3.428, 1.300, 0.000, 0.800, 0, 1.500, -2, 4.500, 2, 0, 1, 0.015, 0, 67.173, -4.485, 1.800
4.900, 0, Ego, 59.000, -1.500, 0.000, 0.000, 0.000, 0.000, 10.000, 0.000, 1.770, 1.400, 0.000, 0.900, 0, 1.800, -1, 5.000, 0, 0, 1, 0.000, 0, 59.000, -1.500, 2.000
4.900, 1, A, 68.547, -4.467, 0.000, 0.013, 0.000, 0.000, 13.733, 0.000, 1.069, 1.300, 0.000, 0.800, 0, 1.500, -2, 4.500, 2, 0, 1, 0.033, 0, 68.547, -4.467, 1.800
5.000, 0, Ego, 60.000, -1.500, 0.000, 0.000, 0.000, 0.000, 10.000, 0.000, 4.627, 1.400, 0.000, 0.900, 0, 1.800, -1, 5.000, 0, 0, 1, 0.000, 0, 60.000, -1.500, 2.000
5.000, 1, A, 69.911, -4.442, 0.000, 0.018, 0.000, 0.000, 13.644, 0.000, 4.967, 1.300, 0.000, 0.800, 0, 1.500, -2, 4.500, 2, 0, 1, 0.058, 0, 69.911, -4.442, 1.800
5.100, 0, Ego, 61.000, -1.500, 0.000, 0.000, 0.000, 0.000, 10.000, 0.000, 1.201, 1.400, 0.000, 0.900, 0, 1.800, -1, 5.000, 0, 0, 1, 0.000, 0, 61.000, -1.500, 2.000
5.100, 1, A, 71.267, -4.410, 0.000, 0.024, 0.000, 0.000, 13.556, 0.000, 2.557, 1.300, 0.000, 0.800, 0, 1.500, -2, 4.500, 2, 0, 1, 0.090, 0, 71.267, -4.410, 1.800
5.200, 0, Ego, 62.000, -1.500, 0.000, 0.000, 0.000, 0.000, 10.000, 0.000, 4.058, 1.400, 0.000, 0.900, 0, 1.800, -1, 5.000, 0, 0, 1, 0.000, 0, 62.000, -1.500, 2.000
5.200, 1, A, 72.613, -4.370, 0.000, 0.029, 0.000, 0.000, 13.467, 0.000, 0.122, 1.300, 0.000, 0.800, 0, 1.500, -2, 4.500, 2, 0, 1, 0.130, 0, 72.613, -4.370, 1.800
5.300, 0, Ego, 63.000, -1.500, 0.000, 0.000, 0.000, 0.000, 10.000, 0.000, 0.632, 1.400, 0.000, 0.900, 0, 1.800, -1, 5.000, 0, 0, 1, 0.000, 0, 63.000, -1.500, 2.000
5.300, 1, A, 73.951, -4.324, 0.000, 0.034, 0.000, 0.000, 13.378, 0.000, 3.944, 1.300, 0.000, 0.800, 0, 1.500, -2, 4.500, 2, 0, 1, 0.176, 0, 73.951, -4.324, 1.800
5.400, 0, Ego, 64.000, -1.500, 0.000, 0.000, 0.000, 0.000, 10.000, 0.000, 3.489, 1.400, 0.000, 0.900, 0, 1.800, -1, 5.000, 0, 0, 1, 0.000, 0, 64.000, -1.500, 2.000
5.400, 1, A, 75.280, -4.272, 0.000, 0.039, 0.000, 0.000, 13.289, 0.000, 1.457, 1.300, 0.000, 0.800, 0, 1.500, -2, 4.500, 2, 0, 1, 0.228, 0, 75.280, -4.272, 1.800
5.500, 0, Ego, 65.000, -1.500, 0.000, 0.000, 0.000, 0.000, 10.000, 0.000, 0.063, 1.400, 0.000, 0.900, 0, 1.800, -1, 5.000, 0, 0, 1, 0.000, 0, 65.000, -1.500, 2.000
5.500, 1, A, 76.600, -4.214, 0.000, 0.044, 0.000, 0.000, 13.200, 0.000, 5.229, 1.300, 0.000, 0.800, 0, 1.500, -2, 4.500, 2, 0, 1, 0.286, 0, 76.600, -4.214, 1.800
5.600, 0, Ego, 66.000, -1.500, 0.000, 0.000, 0.000, 0.000, 10.000, 0.000, 2.920, 1.400, 0.000, 0.900, 0, 1.800, -1, 5.000, 0, 0, 1, 0.000, 0, 66.000, -1.500, 2.000
5.600, 1, A, 77.911, -4.149, 0.000, 0.049, 0.000, 0.000, 13.111, 0.000, 2.692, 1.300, 0.000, 0.800, 0, 1.500, -2, 4.500, 2, 0, 1, 0.351, 0, 77.911, -4.149, 1.800
5.700, 0, Ego, 67.000, -1.500, 0.000, 0.000, 0.000, 0.000, 10.000, 0.000, 5.778, 1.400, 0.000, 0.900, 0, 1.800, -1, 5.000, 0, 0, 1, 0.000, 0, 67.000, -1.500, 2.000
5.700, 1, A, 79.213, -4.079, 0.000, 0.053, 0.000, 0.000, 13.022, 0.000, 0.129, 1.300, 0.000, 0.800, 0, 1.500, -2, 4.500, 2, 0, 1, 0.421, 0, 79.213, -4.079, 1.800
5.800, 0, Ego, 68.000, -1.500, 0.000, 0.000, 0.000, 0.000, 10.000, 0.000, 2.351, 1.400, 0.000, 0.900, 0, 1.800, -1, 5.000, 0, 0, 1, 0.000, 0, 68.000, -1.500, 2.000
5.800, 1, A, 80.507, -4.004, 0.000, 0.058, 0.000, 0.000, 12.933, 0.000, 3.824, 1.300, 0.000, 0.800, 0, 1.500, -2, 4.500, 2, 0, 1, 0.496, 0, 80.507, -4.004, 1.800
5.900, 0, Ego, 69.000, -1.500, 0.000, 0.000, 0.000, 0.000, 10.000, 0.000, 5.209, 1.400, 0.000, 0.900, 0, 1.800, -1, 5.000, 0, 0, 1, 0.000, 0, 69.000, -1.500, 2.000
5.900, 1, A, 81.791, -3.923, 0.000, 0.062, 0.000, 0.000, 12.844, 0.000, 1.211, 1.300, 0.000, 0.800, 0, 1.500, -2, 4.500, 2, 0, 1, 0.577, 0, 81.791, -3.923, 1.800
6.000, 0, Ego, 70.000, -1.500, 0.000, 0.000, 0.000, 0.000, 10.000, 0.000, 1.783, 1.400, 0.000, 0.900, 0, 1.800, -1, 5.000, 0, 0, 1, 0.000, 0, 70.000, -1.500, 2.000
6.000, 1, A, 83.067, -3.839, 0.000, 0.066, 0.000, 0.000, 12.756, 0.000, 4.855, 1.300, 0.000, 0.800, 0, 1.500, -2, 4.500, 2, 0, 1, 0.661, 0, 83.067, -3.839, 1.800
6.100, 0, Ego, 71.000, -1.500, 0.000, 0.000, 0.000, 0.000, 10.000, 0.000, 4.640, 1.400, 0.000, 0.900, 0, 1.800, -1, 5.000, 0, 0, 1, 0.000, 0, 71.000, -1.500, 2.000
6.100, 1, A, 84.333, -3.750, 0.000, 0.069, 0.000, 0.000, 12.667, 0.000, 2.191, 1.300, 0.000, 0.800, 0, 1.500, -2, 4.500, 2, 0, 1, 0.750, 0, 84.333, -3.750, 1.800
6.200, 0, Ego, 72.000, -1.500, 0.000, 0.000, 0.000, 0.000, 10.000, 0.000, 1.214, 1.400, 0.000, 0.900, 0, 1.800, -1, 5.000, 0, 0, 1, 0.000, 0, 72.000, -1.500, 2.000
6.200, 1, A, 85.591, -3.658, 0.000, 0.073, 0.000, 0.000, 12.578, 0.000, 5.785, 1.300, 0.000, 0.800, 0, 1.500, -2, 4.500, 2, 0, 1, 0.842, 0, 85.591, -3.658, 1.800
6.300, 0, Ego, 73.000, -1.500, 0.000, 0.000, 0.000, 0.000, 10.000, 0.000, 4.071, 1.400, 0.000, 0.900, 0, 1.800, -1, 5.000, 0, 0, 1, 0.000, 0, 73.000, -1.500, 2.000
6.300, 1, A, 86.840, -3.562, 0.000, 0.076, 0.000, 0.000, 12.489, 0.000, 3.070, 1.300, 0.000, 0.800, 0, 1.500, -2, 4.500, 2, 0, 1, 0.938, 0, 86.840, -3.562, 1.800
6.400, 0, Ego, 74.000, -1.500, 0.000, 0.000, 0.000, 0.000, 10.000, 0.000, 0.645, 1.400, 0.000, 0.900, 0, 1.800, -1, 5.000, 0, 0, 1, 0.000, 0, 74.000, -1.500, 2.000
6.400, 1, A, 88.080, -3.464, 0.000, 0.079, 0.000, 0.000, 12.400, 0.000, 0.330, 1.300, 0.000, 0.800, 0, 1.500, -2, 4.500, 2, 0, 1, 1.036, 0, 88.080, -3.464, 1.800
6.500, 0, Ego, 75.000, -1.500, 0.000, 0.000, 0.000, 0.000, 10.000, 0.000, 3.502, 1.400, 0.000, 0.900, 0, 1.800, -1, 5.000, 0, 0, 1, 0.000, 0, 75.000, -1.500, 2.000
6.500, 1, A, 89.311, -3.363, 0.000, 0.081, 0.000, 0.000, 12.311, 0.000, 3.847, 1.300, 0.000, 0.800, 0, 1.500, -2, 4.500, 2, 0, 1, 1.137, 0, 89.311, -3.363, 1.800
6.600, 0, Ego, 76.000, -1.500, 0.000, 0.000, 0.000, 0.000, 10.000, 0.000, 0.076, 1.400, 0.000, 0.900, 0, 1.800, -1, 5.000, 0, 0, 1, 0.000, 0, 76.000, -1.500, 2.000
6.600, 1, A, 90.533, -3.260, 0.000, 0.083, 0.000, 0.000, 12.222, 0.000, 1.056, 1.300, 0.000, 0.800, 0, 1.500, -2, 4.500, 2, 0, 1, 1.240, 0, 90.533, -3.260, 1.800
6.700, 0, Ego, 77.000, -1.500, 0.000, 0.000, 0.000, 0.000, 10.000, 0.000, 2.933, 1.400, 0.000, 0.900, 0, 1.800, -1, 5.000, 0, 0, 1, 0.000, 0, 77.000, -1.500, 2.000
6.700, 1, A, 91.747, -3.157, 0.000, 0.085, 0.000, 0.000, 12.133, 0.000, 4.523, 1.300, 0.000, 0.800, 0, 1.500, -2, 4.500, 2, 0, 1, 1.343, 0, 91.747, -3.157, 1.800
6.800, 0, Ego, 78.000, -1.500, 0.000, 0.000, 0.000, 0.000, 10.000, 0.000, 5.790, 1.400, 0.000, 0.900, 0, 1.800, -1, 5.000, 0, 0, 1, 0.000, 0, 78.000, -1.500, 2.000
6.800, 1, A, 92.951, -3.052, 0.000, 0.086, 0.000, 0.000, 12.044, 0.000, 1.681, 1.300, 0.000, 0.800, 0, 1.500, -2, 4.500, 2, 0, 1, 1.448, 0, 92.951, -3.052, 1.800
6.900, 0, Ego, 79.000, -1.500, 0.000, 0.000, 0.000, 0.000, 10.000, 0.000, 2.364, 1.400, 0.000, 0.900, 0, 1.800, -1, 5.000, 0, 0, 1, 0.000, 0, 79.000, -1.500, 2.000
6.900, 1, A, 94.147, -2.948, 0.000, 0.087, 0.000, 0.000, 11.956, 0.000, 5.097, 1.300, 0.000, 0.800, 0, 1.500, -1, 4.500, 2, 0, 1, -1.448, 0, 94.147, -2.948, 1.800
7.000, 0, Ego, 80.000, -1.500, 0.000, 0.000, 0.000, 0.000, 10.000, 0.000, 5.221, 1.400, 0.000, 0.900, 0, 1.800, -1, 5.000, 0, 0, 1, 0.000, 0, 80.000, -1.500, 2.000
7.000, 1, A, 95.333, -2.843, 0.000, 0.087, 0.000, 0.000, 11.867, 0.000, 2.204, 1.300, 0.000, 0.800, 0, 1.500, -1, 4.500, 2, 0, 1, -1.343, 0, 95.333, -2.843, 1.800
7.100, 0, Ego, 81.000, -1.500, 0.000, 0.000, 0.000, 0.000, 10.000, 0.000, 1.795, 1.400, 0.000, 0.900, 0, 1.800, -1, 5.000, 0, 0, 1, 0.000, 0, 81.000, -1.500, 2.000
7.100, 1, A, 96.511, -2.740, 0.000, 0.087, 0.000, 0.000, 11.778, 0.000, 5.569, 1.300, 0.000, 0.800, 0, 1.500, -1, 4.500, 2, 0, 1, -1.240, 0, 96.511, -2.740, 1.800
7.200, 0, Ego, 82.000, -1.500, 0.000, 0.000, 0.000, 0.000, 10.000, 0.000, 4.652, 1.400, 0.000, 0.900, 0, 1.800, -1, 5.000, 0, 0, 1, 0.000, 0, 82.000, -1.500, 2.000
7.200, 1, A, 97.680, -2.637, 0.000, 0.087, 0.000, 0.000, 11.689, 0.000, 2.626, 1.300, 0.000, 0.800, 0, 1.500, -1, 4.500, 2, 0, 1, -1.137, 0, 97.680, -2.637, 1.800
7.300, 0, Ego, 83.000, -1.500, 0.000, 0.000, 0.000, 0.000, 10.000, 0.000, 1.226, 1.400, 0.000, 0.900, 0, 1.800, -1, 5.000, 0, 0, 1, 0.000, 0, 83.000, -1.500, 2.000
7.300, 1, A, 98.840, -2.536, 0.000, 0.086, 0.000, 0.000, 11.600, 0.000, 5.940, 1.300, 0.000, 0.800, 0, 1.500, -1, 4.500, 2, 0, 1, -1.036, 0, 98.840, -2.536, 1.800
7.400, 0, Ego, 84.000, -1.500, 0.000, 0.000, 0.000, 0.000, 10.000, 0.000, 4.083, 1.400, 0.000, 0.900, 0, 1.800, -1, 5.000, 0, 0, 1, 0.000, 0, 84.000, -1.500, 2.000
7.400, 1, A, 99.991, -2.438, 0.000, 0.085, 0.000, 0.000, 11.511, 0.000, 2.946, 1.300, 0.000, 0.800, 0, 1.500, -1, 4.500, 2, 0, 1, -0.938, 0, 99.991, -2.438, 1.800
7.500, 0, Ego, 85.000, -1.500, 0.000, 0.000, 0.000, 0.000, 10.000, 0.000, 0.657, 1.400, 0.000, 0.900, 0, 1.800, -1, 5.000, 0, 0, 1, 0.000, 0, 85.000, -1.500, 2.000
7.500, 1, A, 101.133, -2.342, 0.000, 0.083, 0.000, 0.000, 11.422, 0.000, 6.209, 1.300, 0.000, 0.800, 0, 1.500, -1, 4.500, 2, 0, 1, -0.842, 0, 101.133, -2.342, 1.800
7.600, 0, Ego, 86.000, -1.500, 0.000, 0.000, 0.000, 0.000, 10.000, 0.000, 3.515, 1.400, 0.000, 0.900, 0, 1.800, -1, 5.000, 0, 0, 1, 0.000, 0, 86.000, -1.500, 2.000
7.600, 1, A, 102.267, -2.250, 0.000, 0.081, 0.000, 0.000, 11.333, 0.000, 3.164, 1.300, 0.000, 0.800, 0, 1.500, -1, 4.500, 2, 0, 1, -0.750, 0, 102.267, -2.250, 1.800
7.700, 0, Ego, 87.000, -1.500, 0.000, 0.000, 0.000, 0.000, 10.000, 0.000, 0.089, 1.400, 0.000, 0.900, 0, 1.800, -1, 5.000, 0, 0, 1, 0.000, 0, 87.000, -1.500, 2.000
7.700, 1, A, 103.391, -2.161, 0.000, 0.078, 0.000, 0.000, 11.244, 0.000, 0.093, 1.300, 0.000, 0.800, 0, 1.500, -1, 4.500, 2, 0, 1, -0.661, 0, 103.391, -2.161, 1.800
7.800, 0, Ego, 88.000, -1.500, 0.000, 0.000, 0.000, 0.000, 10.000, 0.000, 2.946, 1.400, 0.000, 0.900, 0, 1.800, -1, 5.000, 0, 0, 1, 0.000, 0, 88.000, -1.500, 2.000
7.800, 1, A, 104.507, -2.077, 0.000, 0.075, 0.000, 0.000, 11.156, 0.000, 3.281, 1.300, 0.000, 0.800, 0, 1.500, -1, 4.500, 2, 0, 1, -0.577, 0, 104.507, -2.077, 1.800
7.900, 0, Ego, 89.000, -1.500, 0.000, 0.000, 0.000, 0.000, 10.000, 0.000, 5.803, 1.400, 0.000, 0.900, 0, 1.800, -1, 5.000, 0, 0, 1, 0.000, 0, 89.000, -1.500, 2.000
7.900, 1, A, 105.613, -1.996, 0.000, 0.072, 0.000, 0.000, 11.067, 0.000, 0.159, 1.300, 0.000, 0.800, 0, 1.500, -1, 4.500, 2, 0, 1, -0.496, 0, 105.613, -1.996, 1.800
8.000, 0, Ego, 90.000, -1.500, 0.000, 0.000, 0.000, 0.000, 10.000, 0.000, 2.377, 1.400, 0.000, 0.900, 0, 1.800, -1, 5.000, 0, 0, 1, 0.000, 0, 90.000, -1.500, 2.000
8.000, 1, A, 106.711, -1.921, 0.000, 0.068, 0.000, 0.000, 10.978, 0.000, 3.296, 1.300, 0.000, 0.800, 0, 1.500, -1, 4.500, 2, 0, 1, -0.421, 0, 106.711, -1.921, 1.800
8.100, 0, Ego, 91.000, -1.500, 0.000, 0.000, 0.000, 0.000, 10.000, 0.000, 5.234, 1.400, 0.000, 0.900, 0, 1.800, -1, 5.000, 0, 0, 1, 0.000, 0, 91.000, -1.500, 2.000
8.100, 1, A, 107.800, -1.851, 0.000, 0.064, 0.000, 0.000, 10.889, 0.000, 0.124, 1.300, 0.000, 0.800, 0, 1.500, -1, 4.500, 2, 0, 1, -0.351, 0, 107.800, -1.851, 1.800
8.200, 0, Ego, 92.000, -1.500, 0.000, 0.000, 0.000, 0.000, 10.000, 0.000, 1.808, 1.400, 0.000, 0.900, 0, 1.800, -1, 5.000, 0, 0, 1, 0.000, 0, 92.000, -1.500, 2.000
8.200, 1, A, 108.880, -1.786, 0.000, 0.059, 0.000, 0.000, 10.800, 0.000, 3.210, 1.300, 0.000, 0.800, 0, 1.500, -1, 4.500, 2, 0, 1, -0.286, 0, 108.880, -1.786, 1.800
8.300, 0, Ego, 93.000, -1.500, 0.000, 0.000, 0.000, 0.000, 10.000, 0.000, 4.665, 1.400, 0.000, 0.900, 0, 1.800, -1, 5.000, 0, 0, 1, 0.000, 0, 93.000, -1.500, 2.000
8.300, 1, A, 109.951, -1.728, 0.000, 0.054, 0.000, 0.000, 10.711, 0.000, 6.270, 1.300, 0.000, 0.800, 0, 1.500, -1, 4.500, 2, 0, 1, -0.228, 0, 109.951, -1.728, 1.800
8.400, 0, Ego, 94.000, -1.500, 0.000, 0.000, 0.000, 0.000, 10.000, 0.000, 1.239, 1.400, 0.000, 0.900, 0, 1.800, -1, 5.000, 0, 0, 1, 0.000, 0, 94.000, -1.500, 2.000
8.400, 1, A, 111.013, -1.676, 0.000, 0.049, 0.000, 0.000, 10.622, 0.000, 3.022, 1.300, 0.000, 0.800, 0, 1.500, -1, 4.500, 2, 0, 1, -0.176, 0, 111.013, -1.676, 1.800
8.500, 0, Ego, 95.000, -1.500, 0.000, 0.000, 0.000, 0.000, 10.000, 0.000, 4.096, 1.400, 0.000, 0.900, 0, 1.800, -1, 5.000, 0, 0, 1, 0.000, 0, 95.000, -1.500, 2.000
8.500, 1, A, 112.067, -1.630, 0.000, 0.043, 0.000, 0.000, 10.533, 0.000, 6.031, 1.300, 0.000, 0.800, 0, 1.500, -1, 4.500, 2, 0, 1, -0.130, 0, 112.067, -1.630, 1.800
8.600, 0, Ego, 96.000, -1.500, 0.000, 0.000, 0.000, 0.000, 10.000, 0.000, 0.670, 1.400, 0.000, 0.900, 0, 1.800, -1, 5.000, 0, 0, 1, 0.000, 0, 96.000, -1.500, 2.000
8.600, 1, A, 113.111, -1.590, 0.000, 0.037, 0.000, 0.000, 10.444, 0.000, 2.732, 1.300, 0.000, 0.800, 0, 1.500, -1, 4.500, 2, 0, 1, -0.090, 0, 113.111, -1.590, 1.800
8.700, 0, Ego, 97.000, -1.500, 0.000, 0.000, 0.000, 0.000, 10.000, 0.000, 3.527, 1.400, 0.000, 0.900, 0, 1.800, -1, 5.000, 0, 0, 1, 0.000, 0, 97.000, -1.500, 2.000
8.700, 1, A, 114.147, -1.558, 0.000, 0.031, 0.000, 0.000, 10.356, 0.000, 5.691, 1.300, 0.000, 0.800, 0, 1.500, -1, 4.500, 2, 0, 1, -0.058, 0, 114.147, -1.558, 1.800
8.800, 0, Ego, 98.000, -1.500, 0.000, 0.000, 0.000, 0.000, 10.000, 0.000, 0.101, 1.400, 0.000, 0.900, 0, 1.800, -1, 5.000, 0, 0, 1, 0.000, 0, 98.000, -1.500, 2.000
8.800, 1, A, 115.173, -1.533, 0.000, 0.024, 0.000, 0.000, 10.267, 0.000, 2.341, 1.300, 0.000, 0.800, 0, 1.500, -1, 4.500, 2, 0, 1, -0.033, 0, 115.173, -1.533, 1.800
8.900, 0, Ego, 99.000, -1.500, 0.000, 0.000, 0.000, 0.000, 10.000, 0.000, 2.958, 1.400, 0.000, 0.900, 0, 1.800, -1, 5.000, 0, 0, 1, 0.000, 0, 99.000, -1.500, 2.000
8.900, 1, A, 116.191, -1.515, 0.000, 0.018, 0.000, 0.000, 10.178, 0.000, 5.249, 1.300, 0.000, 0.800, 0, 1.500, -1, 4.500, 2, 0, 1, -0.015, 0, 116.191, -1.515, 1.800
9.000, 0, Ego, 100.000, -1.500, 0.000, 0.000, 0.000, 0.000, 10.000, 0.000, 5.815, 1.400, 0.000, 0.900, 0, 1.800, -1, 5.000, 0, 0, 1, 0.000, 0, 100.000, -1.500, 2.000
9.000, 1, A, 117.200, -1.504, 0.000, 0.011, 0.000, 0.000, 10.089, 0.000, 1.848, 1.300, 0.000, 0.800, 0, 1.500, -1, 4.500, 2, 0, 1, -0.004, 0, 117.200, -1.504, 1.800
9.100, 0, Ego, 101.000, -1.500, 0.000, 0.000, 0.000, 0.000, 10.000, 0.000, 2.389, 1.400, 0.000, 0.900, 0, 1.800, -1, 5.000, 0, 0, 1, 0.000, 0, 101.000, -1.500, 2.000
9.100, 1, A, 118.200, -1.500, 0.000, 0.000, 0.000, 0.000, 10.000, 0.000, 4.705, 1.300, 0.000, 0.800, 0, 1.500, -1, 4.500, 2, 0, 1, 0.000, 0, 118.200, -1.500, 1.800
9.200, 0, Ego, 102.000, -1.500, 0.000, 0.000, 0.000, 0.000, 10.000, 0.000, 5.247, 1.400, 0.000, 0.900, 0, 1.800, -1, 5.000, 0, 0, 1, 0.000, 0, 102.000, -1.500, 2.000
9.200, 1, A, 119.200, -1.500, 0.000, 0.000, 0.000, 0.000, 10.000, 0.000, 1.279, 1.300, 0.000, 0.800, 0, 1.500, -1, 4.500, 2, 0, 1, 0.000, 0, 119.200, -1.500, 1.800
9.300, 0, Ego, 103.000, -1.500, 0.000, 0.000, 0.000, 0.000, 10.000, 0.000, 1.821, 1.400, 0.000, 0.900, 0, 1.800, -1, 5.000, 0, 0, 1, 0.000, 0, 103.000, -1.500, 2.000
9.300, 1, A, 120.200, -1.500, 0.000, 0.000, 0.000, 0.000, 10.000, 0.000, 4.137, 1.300, 0.000, 0.800, 0, 1.500, -1, 4.500, 2, 0, 1, 0.000, 0, 120.200, -1.500, 1.800
9.400, 0, Ego, 104.000, -1.500, 0.000, 0.000, 0.000, 0.000, 10.000, 0.000, 4.678, 1.400, 0.000, 0.900, 0, 1.800, -1, 5.000, 0, 0, 1, 0.000, 0, 104.000, -1.500, 2.000
9.400, 1, A, 121.200, -1.500, 0.000, 0.000, 0.000, 0.000, 10.000, 0.000, 0.711, 1.300, 0.000, 0.800, 0, 1.500, -1, 4.500, 2, 0, 1, 0.000, 0, 121.200, -1.500, 1.800
9.500, 0, Ego, 105.000, -1.500, 0.000, 0.000, 0.000, 0.000, 10.000, 0.000, 1.252, 1.400, 0.000, 0.900, 0, 1.800, -1, 5.000, 0, 0, 1, 0.000, 0, 105.000, -1.500, 2.000
9.500, 1, A, 122.200, -1.500, 0.000, 0.000, 0.000, 0.000, 10.000, 0.000, 3.568, 1.300, 0.000, 0.800, 0, 1.500, -1, 4.500, 2, 0, 1, 0.000, 0, 122.200, -1.500, 1.800
9.600, 0, Ego, 106.000, -1.500, 0.000, 0.000, 0.000, 0.000, 10.000, 0.000, 4.109, 1.400, 0.000, 0.900, 0, 1.800, -1, 5.000, 0, 0, 1, 0.000, 0, 106.000, -1.500, 2.000
9.600, 1, A, 123.200, -1.500, 0.000, 0.000, 0.000, 0.000, 10.000, 0.000, 0.142, 1.300, 0.000, 0.800, 0, 1.500, -1, 4.500, 2, 0, 1, 0.000, 0, 123.200, -1.500, 1.800
9.700, 0, Ego, 107.000, -1.500, 0.000, 0.000, 0.000, 0.000, 10.000, 0.000, 0.683, 1.400, 0.000, 0.900, 0, 1.800, -1, 5.000, 0, 0, 1, 0.000, 0, 107.000, -1.500, 2.000
9.700, 1, A, 124.200, -1.500, 0.000, 0.000, 0.000, 0.000, 10.000, 0.000, 2.999, 1.300, 0.000, 0.800, 0, 1.500, -1, 4.500, 2, 0, 1, 0.000, 0, 124.200, -1.500, 1.800
9.800, 0, Ego, 108.000, -1.500, 0.000, 0.000, 0.000, 0.000, 10.000, 0.000, 3.540, 1.400, 0.000, 0.900, 0, 1.800, -1, 5.000, 0, 0, 1, 0.000, 0, 108.000, -1.500, 2.000
9.800, 1, A, 125.200, -1.500, 0.000, 0.000, 0.000, 0.000, 10.000, 0.000, 5.856, 1.300, 0.000, 0.800, 0, 1.500, -1, 4.500, 2, 0, 1, 0.000, 0, 125.200, -1.500, 1.800
9.900, 0, Ego, 109.000, -1.500, 0.000, 0.000, 0.000, 0.000, 10.000, 0.000, 0.114, 1.400, 0.000, 0.900, 0, 1.800, -1, 5.000, 0, 0, 1, 0.000, 0, 109.000, -1.500, 2.000
9.900, 1, A, 126.200, -1.500, 0.000, 0.000, 0.000, 0.000, 10.000, 0.000, 2.430, 1.300, 0.000, 0.800, 0, 1.500, -1, 4.500, 2, 0, 1, 0.000, 0, 126.200, -1.500, 1.800
