Version: 1 OpenDRIVE: ..\xodr\_ego_cut_behind0.xodr, 3DModel: 
time, id, name, x, y, z, h, p, r, speed, wheel_angle, wheel_rot, centerOffsetX, centerOffsetY, centerOffsetZ, ctrl_type, height, laneId, length, model_id, obj_category, obj_type, offset, roadId, s, t, width
0.000, 0, Ego, 12.500, -4.500, 0.000, 0.000, 0.000, 0.000, 20.000, 0.000, 0.000, 1.400, 0.000, 0.900, 0, 1.800, -2, 5.000, 0, 0, 1, 0.000, 0, 12.500, -4.500, 2.000
0.000, 1, A, -0.000, -1.500, 0.000, 0.000, 0.000, 0.000, 28.000, 0.000, 0.000, 1.300, 0.000, 0.800, 0, 1.500, -1, 4.500, 2, 0, 1, 0.000, 0, 0.000, -1.500, 1.800
0.100, 0, Ego, 14.500, -4.500, 0.000, 0.000, 0.000, 0.000, 20.000, 0.000, 5.714, 1.400, 0.000, 0.900, 0, 1.800, -2, 5.000, 0, 0, 1, 0.000, 0, 14.500, -4.500, 2.000
0.100, 1, A, 2.800, -1.500, 0.000, 0.000, 0.000, 0.000, 28.000, 0.000, 1.717, 1.300, 0.000, 0.800, 0, 1.500, -1, 4.500, 2, 0, 1, 0.000, 0, 2.800, -1.500, 1.800
0.200, 0, Ego, 16.500, -4.500, 0.000, 0.000, 0.000, 0.000, 20.000, 0.000, 5.145, 1.400, 0.000, 0.900, 0, 1.800, -2, 5.000, 0, 0, 1, 0.000, 0, 16.500, -4.500, 2.000
0.200, 1, A, 5.600, -1.500, 0.000, 0.000, 0.000, 0.000, 28.000, 0.000, 3.434, 1.300, 0.000, 0.800, 0, 1.500, -1, 4.500, 2, 0, 1, 0.000, 0, 5.600, -1.500, 1.800
0.300, 0, Ego, 18.500, -4.500, 0.000, 0.000, 0.000, 0.000, 20.000, 0.000, 4.576, 1.400, 0.000, 0.900, 0, 1.800, -2, 5.000, 0, 0, 1, 0.000, 0, 18.500, -4.500, 2.000
0.300, 1, A, 8.400, -1.500, 0.000, 0.000, 0.000, 0.000, 28.000, 0.000, 5.150, 1.300, 0.000, 0.800, 0, 1.500, -1, 4.500, 2, 0, 1, 0.000, 0, 8.400, -1.500, 1.800
0.400, 0, Ego, 20.500, -4.500, 0.000, 0.000, 0.000, 0.000, 20.000, 0.000, 4.008, 1.400, 0.000, 0.900, 0, 1.800, -2, 5.000, 0, 0, 1, 0.000, 0, 20.500, -4.500, 2.000
0.400, 1, A, 11.200, -1.500, 0.000, 0.000, 0.000, 0.000, 28.000, 0.000, 0.584, 1.300, 0.000, 0.800, 0, 1.500, -1, 4.500, 2, 0, 1, 0.000, 0, 11.200, -1.500, 1.800
0.500, 0, Ego, 22.500, -4.500, 0.000, 0.000, 0.000, 0.000, 20.000, 0.000, 3.439, 1.400, 0.000, 0.900, 0, 1.800, -2, 5.000, 0, 0, 1, 0.000, 0, 22.500, -4.500, 2.000
0.500, 1, A, 14.000, -1.500, 0.000, 0.000, 0.000, 0.000, 28.000, 0.000, 2.301, 1.300, 0.000, 0.800, 0, 1.500, -1, 4.500, 2, 0, 1, 0.000, 0, 14.000, -1.500, 1.800
0.600, 0, Ego, 24.500, -4.500, 0.000, 0.000, 0.000, 0.000, 20.000, 0.000, 2.870, 1.400, 0.000, 0.900, 0, 1.800, -2, 5.000, 0, 0, 1, 0.000, 0, 24.500, -4.500, 2.000
0.600, 1, A, 16.800, -1.500, 0.000, 0.000, 0.000, 0.000, 28.000, 0.000, 4.018, 1.300, 0.000, 0.800, 0, 1.500, -1, 4.500, 2, 0, 1, 0.000, 0, 16.800, -1.500, 1.800
0.700, 0, Ego, 26.500, -4.500, 0.000, 0.000, 0.000, 0.000, 20.000, 0.000, 2.301, 1.400, 0.000, 0.900, 0, 1.800, -2, 5.000, 0, 0, 1, 0.000, 0, 26.500, -4.500, 2.000
0.700, 1, A, 19.600, -1.500, 0.000, 0.000, 0.000, 0.000, 28.000, 0.000, 5.735, 1.300, 0.000, 0.800, 0, 1.500, -1, 4.500, 2, 0, 1, 0.000, 0, 19.600, -1.500, 1.800
0.800, 0, Ego, 28.500, -4.500, 0.000, 0.000, 0.000, 0.000, 20.000, 0.000, 1.732, 1.400, 0.000, 0.900, 0, 1.800, -2, 5.000, 0, 0, 1, 0.000, 0, 28.500, -4.500, 2.000
0.800, 1, A, 22.400, -1.500, 0.000, 0.000, 0.000, 0.000, 28.000, 0.000, 1.168, 1.300, 0.000, 0.800, 0, 1.500, -1, 4.500, 2, 0, 1, 0.000, 0, 22.400, -1.500, 1.800
0.900, 0, Ego, 30.500, -4.500, 0.000, 0.000, 0.000, 0.000, 20.000, 0.000, 1.163, 1.400, 0.000, 0.900, 0, 1.800, -2, 5.000, 0, 0, 1, 0.000, 0, 30.500, -4.500, 2.000
0.900, 1, A, 25.200, -1.500, 0.000, 0.000, 0.000, 0.000, 28.000, 0.000, 2.885, 1.300, 0.000, 0.800, 0, 1.500, -1, 4.500, 2, 0, 1, 0.000, 0, 25.200, -1.500, 1.800
1.000, 0, Ego, 32.500, -4.500, 0.000, 0.000, 0.000, 0.000, 20.000, 0.000, 0.594, 1.400, 0.000, 0.900, 0, 1.800, -2, 5.000, 0, 0, 1, 0.000, 0, 32.500, -4.500, 2.000
1.000, 1, A, 28.000, -1.500, 0.000, 0.000, 0.000, 0.000, 28.000, 0.000, 4.602, 1.300, 0.000, 0.800, 0, 1.500, -1, 4.500, 2, 0, 1, 0.000, 0, 28.000, -1.500, 1.800
1.100, 0, Ego, 34.500, -4.500, 0.000, 0.000, 0.000, 0.000, 20.000, 0.000, 0.025, 1.400, 0.000, 0.900, 0, 1.800, -2, 5.000, 0, 0, 1, 0.000, 0, 34.500, -4.500, 2.000
1.100, 1, A, 30.800, -1.500, 0.000, 0.000, 0.000, 0.000, 28.000, 0.000, 0.035, 1.300, 0.000, 0.800, 0, 1.500, -1, 4.500, 2, 0, 1, 0.000, 0, 30.800, -1.500, 1.800
1.200, 0, Ego, 36.500, -4.500, 0.000, 0.000, 0.000, 0.000, 20.000, 0.000, 5.740, 1.400, 0.000, 0.900, 0, 1.800, -2, 5.000, 0, 0, 1, 0.000, 0, 36.500, -4.500, 2.000
1.200, 1, A, 33.600, -1.500, 0.000, 0.000, 0.000, 0.000, 28.000, 0.000, 1.752, 1.300, 0.000, 0.800, 0, 1.500, -1, 4.500, 2, 0, 1, 0.000, 0, 33.600, -1.500, 1.800
1.300, 0, Ego, 38.500, -4.500, 0.000, 0.000, 0.000, 0.000, 20.000, 0.000, 5.171, 1.400, 0.000, 0.900, 0, 1.800, -2, 5.000, 0, 0, 1, 0.000, 0, 38.500, -4.500, 2.000
1.300, 1, A, 36.400, -1.500, 0.000, 0.000, 0.000, 0.000, 28.000, 0.000, 3.469, 1.300, 0.000, 0.800, 0, 1.500, -1, 4.500, 2, 0, 1, 0.000, 0, 36.400, -1.500, 1.800
1.400, 0, Ego, 40.500, -4.500, 0.000, 0.000, 0.000, 0.000, 20.000, 0.000, 4.602, 1.400, 0.000, 0.900, 0, 1.800, -2, 5.000, 0, 0, 1, 0.000, 0, 40.500, -4.500, 2.000
1.400, 1, A, 39.200, -1.500, 0.000, 0.000, 0.000, 0.000, 28.000, 0.000, 5.186, 1.300, 0.000, 0.800, 0, 1.500, -1, 4.500, 2, 0, 1, 0.000, 0, 39.200, -1.500, 1.800
1.500, 0, Ego, 42.500, -4.500, 0.000, 0.000, 0.000, 0.000, 20.000, 0.000, 4.033, 1.400, 0.000, 0.900, 0, 1.800, -2, 5.000, 0, 0, 1, 0.000, 0, 42.500, -4.500, 2.000
1.500, 1, A, 42.000, -1.500, 0.000, 0.000, 0.000, 0.000, 28.000, 0.000, 0.619, 1.300, 0.000, 0.800, 0, 1.500, -1, 4.500, 2, 0, 1, 0.000, 0, 42.000, -1.500, 1.800
1.600, 0, Ego, 44.500, -4.500, 0.000, 0.000, 0.000, 0.000, 20.000, 0.000, 3.464, 1.400, 0.000, 0.900, 0, 1.800, -2, 5.000, 0, 0, 1, 0.000, 0, 44.500, -4.500, 2.000
1.600, 1, A, 44.800, -1.500, 0.000, 0.000, 0.000, 0.000, 28.000, 0.000, 2.336, 1.300, 0.000, 0.800, 0, 1.500, -1, 4.500, 2, 0, 1, 0.000, 0, 44.800, -1.500, 1.800
1.700, 0, Ego, 46.500, -4.500, 0.000, 0.000, 0.000, 0.000, 20.000, 0.000, 2.895, 1.400, 0.000, 0.900, 0, 1.800, -2, 5.000, 0, 0, 1, 0.000, 0, 46.500, -4.500, 2.000
1.700, 1, A, 47.600, -1.500, 0.000, 0.000, 0.000, 0.000, 28.000, 0.000, 4.053, 1.300, 0.000, 0.800, 0, 1.500, -1, 4.500, 2, 0, 1, 0.000, 0, 47.600, -1.500, 1.800
1.800, 0, Ego, 48.500, -4.500, 0.000, 0.000, 0.000, 0.000, 20.000, 0.000, 2.326, 1.400, 0.000, 0.900, 0, 1.800, -2, 5.000, 0, 0, 1, 0.000, 0, 48.500, -4.500, 2.000
1.800, 1, A, 50.400, -1.500, 0.000, 0.000, 0.000, 0.000, 28.000, 0.000, 5.770, 1.300, 0.000, 0.800, 0, 1.500, -1, 4.500, 2, 0, 1, 0.000, 0, 50.400, -1.500, 1.800
1.900, 0, Ego, 50.500, -4.500, 0.000, 0.000, 0.000, 0.000, 20.000, 0.000, 1.757, 1.400, 0.000, 0.900, 0, 1.800, -2, 5.000, 0, 0, 1, 0.000, 0, 50.500, -4.500, 2.000
1.900, 1, A, 53.200, -1.500, 0.000, 0.000, 0.000, 0.000, 28.000, 0.000, 1.204, 1.300, 0.000, 0.800, 0, 1.500, -1, 4.500, 2, 0, 1, 0.000, 0, 53.200, -1.500, 1.800
2.000, 0, Ego, 52.500, -4.500, 0.000, 0.000, 0.000, 0.000, 20.000, 0.000, 1.188, 1.400, 0.000, 0.900, 0, 1.800, -2, 5.000, 0, 0, 1, 0.000, 0, 52.500, -4.500, 2.000
2.000, 1, A, 56.000, -1.500, 0.000, 0.000, 0.000, 0.000, 28.000, 0.000, 2.920, 1.300, 0.000, 0.800, 0, 1.500, -1, 4.500, 2, 0, 1, 0.000, 0, 56.000, -1.500, 1.800
2.100, 0, Ego, 54.500, -4.500, 0.000, 0.000, 0.000, 0.000, 20.000, 0.000, 0.619, 1.400, 0.000, 0.900, 0, 1.800, -2, 5.000, 0, 0, 1, 0.000, 0, 54.500, -4.500, 2.000
2.100, 1, A, 58.800, -1.500, 0.000, 0.000, 0.000, 0.000, 28.000, 0.000, 4.637, 1.300, 0.000, 0.800, 0, 1.500, -1, 4.500, 2, 0, 1, 0.000, 0, 58.800, -1.500, 1.800
2.200, 0, Ego, 56.500, -4.500, 0.000, 0.000, 0.000, 0.000, 20.000, 0.000, 0.051, 1.400, 0.000, 0.900, 0, 1.800, -2, 5.000, 0, 0, 1, 0.000, 0, 56.500, -4.500, 2.000
2.200, 1, A, 61.600, -1.500, 0.000, 0.000, 0.000, 0.000, 28.000, 0.000, 0.071, 1.300, 0.000, 0.800, 0, 1.500, -1, 4.500, 2, 0, 1, 0.000, 0, 61.600, -1.500, 1.800
2.300, 0, Ego, 58.537, -4.484, 0.000, 0.008, 0.000, 0.000, 20.375, 0.000, 5.872, 1.400, 0.000, 0.900, 0, 1.800, -2, 5.000, 0, 0, 1, 0.016, 0, 58.537, -4.484, 2.000
2.300, 1, A, 64.400, -1.500, 0.000, 0.000, 0.000, 0.000, 28.000, 0.000, 1.788, 1.300, 0.000, 0.800, 0, 1.500, -1, 4.500, 2, 0, 1, 0.000, 0, 64.400, -1.500, 1.800
2.400, 0, Ego, 60.612, -4.435, 0.000, 0.024, 0.000, 0.000, 20.750, 0.000, 5.517, 1.400, 0.000, 0.900, 0, 1.800, -2, 5.000, 0, 0, 1, 0.065, 0, 60.612, -4.435, 2.000
2.400, 1, A, 67.200, -1.500, 0.000, 0.000, 0.000, 0.000, 28.000, 0.000, 3.504, 1.300, 0.000, 0.800, 0, 1.500, -1, 4.500, 2, 0, 1, 0.000, 0, 67.200, -1.500, 1.800
2.500, 0, Ego, 62.725, -4.356, 0.000, 0.038, 0.000, 0.000, 21.124, 0.000, 5.270, 1.400, 0.000, 0.900, 0, 1.800, -2, 5.000, 0, 0, 1, 0.144, 0, 62.725, -4.356, 2.000
2.500, 1, A, 70.000, -1.500, 0.000, 0.000, 0.000, 0.000, 28.000, 0.000, 5.221, 1.300, 0.000, 0.800, 0, 1.500, -1, 4.500, 2, 0, 1, 0.000, 0, 70.000, -1.500, 1.800
2.600, 0, Ego, 64.875, -4.247, 0.000, 0.051, 0.000, 0.000, 21.499, 0.000, 5.129, 1.400, 0.000, 0.900, 0, 1.800, -2, 5.000, 0, 0, 1, 0.253, 0, 64.875, -4.247, 2.000
2.600, 1, A, 72.800, -1.500, 0.000, 0.000, 0.000, 0.000, 28.000, 0.000, 0.655, 1.300, 0.000, 0.800, 0, 1.500, -1, 4.500, 2, 0, 1, 0.000, 0, 72.800, -1.500, 1.800
2.700, 0, Ego, 67.062, -4.112, 0.000, 0.063, 0.000, 0.000, 21.874, 0.000, 5.096, 1.400, 0.000, 0.900, 0, 1.800, -2, 5.000, 0, 0, 1, 0.388, 0, 67.062, -4.112, 2.000
2.700, 1, A, 75.600, -1.500, 0.000, 0.000, 0.000, 0.000, 28.000, 0.000, 2.372, 1.300, 0.000, 0.800, 0, 1.500, -1, 4.500, 2, 0, 1, 0.000, 0, 75.600, -1.500, 1.800
2.800, 0, Ego, 69.287, -3.952, 0.000, 0.073, 0.000, 0.000, 22.249, 0.000, 5.169, 1.400, 0.000, 0.900, 0, 1.800, -2, 5.000, 0, 0, 1, 0.548, 0, 69.287, -3.952, 2.000
2.800, 1, A, 78.400, -1.500, 0.000, 0.000, 0.000, 0.000, 28.000, 0.000, 4.089, 1.300, 0.000, 0.800, 0, 1.500, -1, 4.500, 2, 0, 1, 0.000, 0, 78.400, -1.500, 1.800
2.900, 0, Ego, 71.549, -3.772, 0.000, 0.081, 0.000, 0.000, 22.624, 0.000, 5.350, 1.400, 0.000, 0.900, 0, 1.800, -2, 5.000, 0, 0, 1, 0.728, 0, 71.549, -3.772, 2.000
2.900, 1, A, 81.200, -1.500, 0.000, 0.000, 0.000, 0.000, 28.000, 0.000, 5.805, 1.300, 0.000, 0.800, 0, 1.500, -1, 4.500, 2, 0, 1, 0.000, 0, 81.200, -1.500, 1.800
3.000, 0, Ego, 73.849, -3.575, 0.000, 0.087, 0.000, 0.000, 22.998, 0.000, 5.638, 1.400, 0.000, 0.900, 0, 1.800, -2, 5.000, 0, 0, 1, 0.925, 0, 73.849, -3.575, 2.000
3.000, 1, A, 84.000, -1.500, 0.000, 0.000, 0.000, 0.000, 28.000, 0.000, 1.239, 1.300, 0.000, 0.800, 0, 1.500, -1, 4.500, 2, 0, 1, 0.000, 0, 84.000, -1.500, 1.800
3.100, 0, Ego, 76.187, -3.366, 0.000, 0.091, 0.000, 0.000, 23.373, 0.000, 6.032, 1.400, 0.000, 0.900, 0, 1.800, -2, 5.000, 0, 0, 1, 1.134, 0, 76.187, -3.366, 2.000
3.100, 1, A, 86.800, -1.500, 0.000, 0.000, 0.000, 0.000, 28.000, 0.000, 2.956, 1.300, 0.000, 0.800, 0, 1.500, -1, 4.500, 2, 0, 1, 0.000, 0, 86.800, -1.500, 1.800
3.200, 0, Ego, 78.561, -3.148, 0.000, 0.093, 0.000, 0.000, 23.748, 0.000, 0.251, 1.400, 0.000, 0.900, 0, 1.800, -2, 5.000, 0, 0, 1, 1.352, 0, 78.561, -3.148, 2.000
3.200, 1, A, 89.600, -1.500, 0.000, 0.000, 0.000, 0.000, 28.000, 0.000, 4.673, 1.300, 0.000, 0.800, 0, 1.500, -1, 4.500, 2, 0, 1, 0.000, 0, 89.600, -1.500, 1.800
3.300, 0, Ego, 80.974, -2.928, 0.000, 0.093, 0.000, 0.000, 24.123, 0.000, 0.860, 1.400, 0.000, 0.900, 0, 1.800, -1, 5.000, 0, 0, 1, -1.428, 0, 80.974, -2.928, 2.000
3.300, 1, A, 92.400, -1.500, 0.000, 0.000, 0.000, 0.000, 28.000, 0.000, 0.106, 1.300, 0.000, 0.800, 0, 1.500, -1, 4.500, 2, 0, 1, 0.000, 0, 92.400, -1.500, 1.800
3.400, 0, Ego, 83.423, -2.709, 0.000, 0.091, 0.000, 0.000, 24.498, 0.000, 1.576, 1.400, 0.000, 0.900, 0, 1.800, -1, 5.000, 0, 0, 1, -1.209, 0, 83.423, -2.709, 2.000
3.400, 1, A, 95.200, -1.500, 0.000, 0.000, 0.000, 0.000, 28.000, 0.000, 1.823, 1.300, 0.000, 0.800, 0, 1.500, -1, 4.500, 2, 0, 1, 0.000, 0, 95.200, -1.500, 1.800
3.500, 0, Ego, 85.911, -2.496, 0.000, 0.087, 0.000, 0.000, 24.872, 0.000, 2.400, 1.400, 0.000, 0.900, 0, 1.800, -1, 5.000, 0, 0, 1, -0.996, 0, 85.911, -2.496, 2.000
3.500, 1, A, 98.000, -1.500, 0.000, 0.000, 0.000, 0.000, 28.000, 0.000, 3.540, 1.300, 0.000, 0.800, 0, 1.500, -1, 4.500, 2, 0, 1, 0.000, 0, 98.000, -1.500, 1.800
3.600, 0, Ego, 88.435, -2.294, 0.000, 0.081, 0.000, 0.000, 25.247, 0.000, 3.330, 1.400, 0.000, 0.900, 0, 1.800, -1, 5.000, 0, 0, 1, -0.794, 0, 88.435, -2.294, 2.000
3.600, 1, A, 100.800, -1.500, 0.000, 0.000, 0.000, 0.000, 28.000, 0.000, 5.257, 1.300, 0.000, 0.800, 0, 1.500, -1, 4.500, 2, 0, 1, 0.000, 0, 100.800, -1.500, 1.800
3.700, 0, Ego, 90.998, -2.108, 0.000, 0.074, 0.000, 0.000, 25.622, 0.000, 4.367, 1.400, 0.000, 0.900, 0, 1.800, -1, 5.000, 0, 0, 1, -0.608, 0, 90.998, -2.108, 2.000
3.700, 1, A, 103.600, -1.500, 0.000, 0.000, 0.000, 0.000, 28.000, 0.000, 0.690, 1.300, 0.000, 0.800, 0, 1.500, -1, 4.500, 2, 0, 1, 0.000, 0, 103.600, -1.500, 1.800
3.800, 0, Ego, 93.597, -1.941, 0.000, 0.065, 0.000, 0.000, 25.997, 0.000, 5.512, 1.400, 0.000, 0.900, 0, 1.800, -1, 5.000, 0, 0, 1, -0.441, 0, 93.597, -1.941, 2.000
3.800, 1, A, 106.400, -1.500, 0.000, 0.000, 0.000, 0.000, 28.000, 0.000, 2.407, 1.300, 0.000, 0.800, 0, 1.500, -1, 4.500, 2, 0, 1, 0.000, 0, 106.400, -1.500, 1.800
3.900, 0, Ego, 96.234, -1.796, 0.000, 0.055, 0.000, 0.000, 26.372, 0.000, 0.480, 1.400, 0.000, 0.900, 0, 1.800, -1, 5.000, 0, 0, 1, -0.296, 0, 96.234, -1.796, 2.000
3.900, 1, A, 109.200, -1.500, 0.000, 0.000, 0.000, 0.000, 28.000, 0.000, 4.124, 1.300, 0.000, 0.800, 0, 1.500, -1, 4.500, 2, 0, 1, 0.000, 0, 109.200, -1.500, 1.800
4.000, 0, Ego, 98.909, -1.678, 0.000, 0.045, 0.000, 0.000, 26.746, 0.000, 1.839, 1.400, 0.000, 0.900, 0, 1.800, -1, 5.000, 0, 0, 1, -0.178, 0, 98.909, -1.678, 2.000
4.000, 1, A, 112.000, -1.500, 0.000, 0.000, 0.000, 0.000, 28.000, 0.000, 5.841, 1.300, 0.000, 0.800, 0, 1.500, -1, 4.500, 2, 0, 1, 0.000, 0, 112.000, -1.500, 1.800
4.100, 0, Ego, 101.621, -1.588, 0.000, 0.034, 0.000, 0.000, 27.121, 0.000, 3.304, 1.400, 0.000, 0.900, 0, 1.800, -1, 5.000, 0, 0, 1, -0.088, 0, 101.621, -1.588, 2.000
4.100, 1, A, 114.800, -1.500, 0.000, 0.000, 0.000, 0.000, 28.000, 0.000, 1.274, 1.300, 0.000, 0.800, 0, 1.500, -1, 4.500, 2, 0, 1, 0.000, 0, 114.800, -1.500, 1.800
4.200, 0, Ego, 104.371, -1.529, 0.000, 0.022, 0.000, 0.000, 27.496, 0.000, 4.877, 1.400, 0.000, 0.900, 0, 1.800, -1, 5.000, 0, 0, 1, -0.029, 0, 104.371, -1.529, 2.000
4.200, 1, A, 117.600, -1.500, 0.000, 0.000, 0.000, 0.000, 28.000, 0.000, 2.991, 1.300, 0.000, 0.800, 0, 1.500, -1, 4.500, 2, 0, 1, 0.000, 0, 117.600, -1.500, 1.800
4.300, 0, Ego, 107.158, -1.502, 0.000, 0.010, 0.000, 0.000, 27.871, 0.000, 0.274, 1.400, 0.000, 0.900, 0, 1.800, -1, 5.000, 0, 0, 1, -0.002, 0, 107.158, -1.502, 2.000
4.300, 1, A, 120.400, -1.500, 0.000, 0.000, 0.000, 0.000, 28.000, 0.000, 4.708, 1.300, 0.000, 0.800, 0, 1.500, -1, 4.500, 2, 0, 1, 0.000, 0, 120.400, -1.500, 1.800
4.400, 0, Ego, 109.958, -1.500, 0.000, 0.000, 0.000, 0.000, 28.000, 0.000, 1.991, 1.400, 0.000, 0.900, 0, 1.800, -1, 5.000, 0, 0, 1, 0.000, 0, 109.958, -1.500, 2.000
4.400, 1, A, 123.200, -1.500, 0.000, 0.000, 0.000, 0.000, 28.000, 0.000, 0.142, 1.300, 0.000, 0.800, 0, 1.500, -1, 4.500, 2, 0, 1, 0.000, 0, 123.200, -1.500, 1.800
4.500, 0, Ego, 112.758, -1.500, 0.000, 0.000, 0.000, 0.000, 28.000, 0.000, 3.707, 1.400, 0.000, 0.900, 0, 1.800, -1, 5.000, 0, 0, 1, 0.000, 0, 112.758, -1.500, 2.000
4.500, 1, A, 126.000, -1.500, 0.000, 0.000, 0.000, 0.000, 28.000, 0.000, 1.858, 1.300, 0.000, 0.800, 0, 1.500, -1, 4.500, 2, 0, 1, 0.000, 0, 126.000, -1.500, 1.800
4.600, 0, Ego, 115.558, -1.500, 0.000, 0.000, 0.000, 0.000, 28.000, 0.000, 5.424, 1.400, 0.000, 0.900, 0, 1.800, -1, 5.000, 0, 0, 1, 0.000, 0, 115.558, -1.500, 2.000
4.600, 1, A, 128.800, -1.500, 0.000, 0.000, 0.000, 0.000, 28.000, 0.000, 3.575, 1.300, 0.000, 0.800, 0, 1.500, -1, 4.500, 2, 0, 1, 0.000, 0, 128.800, -1.500, 1.800
4.700, 0, Ego, 118.358, -1.500, 0.000, 0.000, 0.000, 0.000, 28.000, 0.000, 0.858, 1.400, 0.000, 0.900, 0, 1.800, -1, 5.000, 0, 0, 1, 0.000, 0, 118.358, -1.500, 2.000
4.700, 1, A, 131.600, -1.500, 0.000, 0.000, 0.000, 0.000, 28.000, 0.000, 5.292, 1.300, 0.000, 0.800, 0, 1.500, -1, 4.500, 2, 0, 1, 0.000, 0, 131.600, -1.500, 1.800
4.800, 0, Ego, 121.158, -1.500, 0.000, 0.000, 0.000, 0.000, 28.000, 0.000, 2.575, 1.400, 0.000, 0.900, 0, 1.800, -1, 5.000, 0, 0, 1, 0.000, 0, 121.158, -1.500, 2.000
4.800, 1, A, 134.400, -1.500, 0.000, 0.000, 0.000, 0.000, 28.000, 0.000, 0.726, 1.300, 0.000, 0.800, 0, 1.500, -1, 4.500, 2, 0, 1, 0.000, 0, 134.400, -1.500, 1.800
4.900, 0, Ego, 123.958, -1.500, 0.000, 0.000, 0.000, 0.000, 28.000, 0.000, 4.292, 1.400, 0.000, 0.900, 0, 1.800, -1, 5.000, 0, 0, 1, 0.000, 0, 123.958, -1.500, 2.000
4.900, 1, A, 137.200, -1.500, 0.000, 0.000, 0.000, 0.000, 28.000, 0.000, 2.443, 1.300, 0.000, 0.800, 0, 1.500, -1, 4.500, 2, 0, 1, 0.000, 0, 137.200, -1.500, 1.800
5.000, 0, Ego, 126.758, -1.500, 0.000, 0.000, 0.000, 0.000, 28.000, 0.000, 6.008, 1.400, 0.000, 0.900, 0, 1.800, -1, 5.000, 0, 0, 1, 0.000, 0, 126.758, -1.500, 2.000
5.000, 1, A, 140.000, -1.500, 0.000, 0.000, 0.000, 0.000, 28.000, 0.000, 4.159, 1.300, 0.000, 0.800, 0, 1.500, -1, 4.500, 2, 0, 1, 0.000, 0, 140.000, -1.500, 1.800
5.100, 0, Ego, 129.558, -1.500, 0.000, 0.000, 0.000, 0.000, 28.000, 0.000, 1.442, 1.400, 0.000, 0.900, 0, 1.800, -1, 5.000, 0, 0, 1, 0.000, 0, 129.558, -1.500, 2.000
5.100, 1, A, 142.800, -1.500, 0.000, 0.000, 0.000, 0.000, 28.000, 0.000, 5.876, 1.300, 0.000, 0.800, 0, 1.500, -1, 4.500, 2, 0, 1, 0.000, 0, 142.800, -1.500, 1.800
5.200, 0, Ego, 132.358, -1.500, 0.000, 0.000, 0.000, 0.000, 28.000, 0.000, 3.159, 1.400, 0.000, 0.900, 0, 1.800, -1, 5.000, 0, 0, 1, 0.000, 0, 132.358, -1.500, 2.000
5.200, 1, A, 145.600, -1.500, 0.000, 0.000, 0.000, 0.000, 28.000, 0.000, 1.310, 1.300, 0.000, 0.800, 0, 1.500, -1, 4.500, 2, 0, 1, 0.000, 0, 145.600, -1.500, 1.800
5.300, 0, Ego, 135.158, -1.500, 0.000, 0.000, 0.000, 0.000, 28.000, 0.000, 4.876, 1.400, 0.000, 0.900, 0, 1.800, -1, 5.000, 0, 0, 1, 0.000, 0, 135.158, -1.500, 2.000
5.300, 1, A, 148.400, -1.500, 0.000, 0.000, 0.000, 0.000, 28.000, 0.000, 3.027, 1.300, 0.000, 0.800, 0, 1.500, -1, 4.500, 2, 0, 1, 0.000, 0, 148.400, -1.500, 1.800
5.400, 0, Ego, 137.958, -1.500, 0.000, 0.000, 0.000, 0.000, 28.000, 0.000, 0.309, 1.400, 0.000, 0.900, 0, 1.800, -1, 5.000, 0, 0, 1, 0.000, 0, 137.958, -1.500, 2.000
5.400, 1, A, 151.200, -1.500, 0.000, 0.000, 0.000, 0.000, 28.000, 0.000, 4.743, 1.300, 0.000, 0.800, 0, 1.500, -1, 4.500, 2, 0, 1, 0.000, 0, 151.200, -1.500, 1.800
5.500, 0, Ego, 140.758, -1.500, 0.000, 0.000, 0.000, 0.000, 28.000, 0.000, 2.026, 1.400, 0.000, 0.900, 0, 1.800, -1, 5.000, 0, 0, 1, 0.000, 0, 140.758, -1.500, 2.000
5.500, 1, A, 154.000, -1.500, 0.000, 0.000, 0.000, 0.000, 28.000, 0.000, 0.177, 1.300, 0.000, 0.800, 0, 1.500, -1, 4.500, 2, 0, 1, 0.000, 0, 154.000, -1.500, 1.800
5.600, 0, Ego, 143.558, -1.500, 0.000, 0.000, 0.000, 0.000, 28.000, 0.000, 3.743, 1.400, 0.000, 0.900, 0, 1.800, -1, 5.000, 0, 0, 1, 0.000, 0, 143.558, -1.500, 2.000
5.600, 1, A, 156.800, -1.500, 0.000, 0.000, 0.000, 0.000, 28.000, 0.000, 1.894, 1.300, 0.000, 0.800, 0, 1.500, -1, 4.500, 2, 0, 1, 0.000, 0, 156.800, -1.500, 1.800
5.700, 0, Ego, 146.358, -1.500, 0.000, 0.000, 0.000, 0.000, 28.000, 0.000, 5.460, 1.400, 0.000, 0.900, 0, 1.800, -1, 5.000, 0, 0, 1, 0.000, 0, 146.358, -1.500, 2.000
5.700, 1, A, 159.600, -1.500, 0.000, 0.000, 0.000, 0.000, 28.000, 0.000, 3.611, 1.300, 0.000, 0.800, 0, 1.500, -1, 4.500, 2, 0, 1, 0.000, 0, 159.600, -1.500, 1.800
5.800, 0, Ego, 149.158, -1.500, 0.000, 0.000, 0.000, 0.000, 28.000, 0.000, 0.893, 1.400, 0.000, 0.900, 0, 1.800, -1, 5.000, 0, 0, 1, 0.000, 0, 149.158, -1.500, 2.000
5.800, 1, A, 162.400, -1.500, 0.000, 0.000, 0.000, 0.000, 28.000, 0.000, 5.327, 1.300, 0.000, 0.800, 0, 1.500, -1, 4.500, 2, 0, 1, 0.000, 0, 162.400, -1.500, 1.800
5.900, 0, Ego, 151.958, -1.500, 0.000, 0.000, 0.000, 0.000, 28.000, 0.000, 2.610, 1.400, 0.000, 0.900, 0, 1.800, -1, 5.000, 0, 0, 1, 0.000, 0, 151.958, -1.500, 2.000
5.900, 1, A, 165.200, -1.500, 0.000, 0.000, 0.000, 0.000, 28.000, 0.000, 0.761, 1.300, 0.000, 0.800, 0, 1.500, -1, 4.500, 2, 0, 1, 0.000, 0, 165.200, -1.500, 1.800
6.000, 0, Ego, 154.758, -1.500, 0.000, 0.000, 0.000, 0.000, 28.000, 0.000, 4.327, 1.400, 0.000, 0.900, 0, 1.800, -1, 5.000, 0, 0, 1, 0.000, 0, 154.758, -1.500, 2.000
6.000, 1, A, 168.000, -1.500, 0.000, 0.000, 0.000, 0.000, 28.000, 0.000, 2.478, 1.300, 0.000, 0.800, 0, 1.500, -1, 4.500, 2, 0, 1, 0.000, 0, 168.000, -1.500, 1.800
6.100, 0, Ego, 157.558, -1.500, 0.000, 0.000, 0.000, 0.000, 28.000, 0.000, 6.044, 1.400, 0.000, 0.900, 0, 1.800, -1, 5.000, 0, 0, 1, 0.000, 0, 157.558, -1.500, 2.000
6.100, 1, A, 170.800, -1.500, 0.000, 0.000, 0.000, 0.000, 28.000, 0.000, 4.195, 1.300, 0.000, 0.800, 0, 1.500, -1, 4.500, 2, 0, 1, 0.000, 0, 170.800, -1.500, 1.800
6.200, 0, Ego, 160.358, -1.500, 0.000, 0.000, 0.000, 0.000, 28.000, 0.000, 1.477, 1.400, 0.000, 0.900, 0, 1.800, -1, 5.000, 0, 0, 1, 0.000, 0, 160.358, -1.500, 2.000
6.200, 1, A, 173.600, -1.500, 0.000, 0.000, 0.000, 0.000, 28.000, 0.000, 5.912, 1.300, 0.000, 0.800, 0, 1.500, -1, 4.500, 2, 0, 1, 0.000, 0, 173.600, -1.500, 1.800
6.300, 0, Ego, 163.158, -1.500, 0.000, 0.000, 0.000, 0.000, 28.000, 0.000, 3.194, 1.400, 0.000, 0.900, 0, 1.800, -1, 5.000, 0, 0, 1, 0.000, 0, 163.158, -1.500, 2.000
6.300, 1, A, 176.400, -1.500, 0.000, 0.000, 0.000, 0.000, 28.000, 0.000, 1.345, 1.300, 0.000, 0.800, 0, 1.500, -1, 4.500, 2, 0, 1, 0.000, 0, 176.400, -1.500, 1.800
6.400, 0, Ego, 165.958, -1.500, 0.000, 0.000, 0.000, 0.000, 28.000, 0.000, 4.911, 1.400, 0.000, 0.900, 0, 1.800, -1, 5.000, 0, 0, 1, 0.000, 0, 165.958, -1.500, 2.000
6.400, 1, A, 179.200, -1.500, 0.000, 0.000, 0.000, 0.000, 28.000, 0.000, 3.062, 1.300, 0.000, 0.800, 0, 1.500, -1, 4.500, 2, 0, 1, 0.000, 0, 179.200, -1.500, 1.800
6.500, 0, Ego, 168.758, -1.500, 0.000, 0.000, 0.000, 0.000, 28.000, 0.000, 0.345, 1.400, 0.000, 0.900, 0, 1.800, -1, 5.000, 0, 0, 1, 0.000, 0, 168.758, -1.500, 2.000
6.500, 1, A, 182.000, -1.500, 0.000, 0.000, 0.000, 0.000, 28.000, 0.000, 4.779, 1.300, 0.000, 0.800, 0, 1.500, -1, 4.500, 2, 0, 1, 0.000, 0, 182.000, -1.500, 1.800
6.600, 0, Ego, 171.558, -1.500, 0.000, 0.000, 0.000, 0.000, 28.000, 0.000, 2.061, 1.400, 0.000, 0.900, 0, 1.800, -1, 5.000, 0, 0, 1, 0.000, 0, 171.558, -1.500, 2.000
6.600, 1, A, 184.800, -1.500, 0.000, 0.000, 0.000, 0.000, 28.000, 0.000, 0.212, 1.300, 0.000, 0.800, 0, 1.500, -1, 4.500, 2, 0, 1, 0.000, 0, 184.800, -1.500, 1.800
6.700, 0, Ego, 174.358, -1.500, 0.000, 0.000, 0.000, 0.000, 28.000, 0.000, 3.778, 1.400, 0.000, 0.900, 0, 1.800, -1, 5.000, 0, 0, 1, 0.000, 0, 174.358, -1.500, 2.000
6.700, 1, A, 187.600, -1.500, 0.000, 0.000, 0.000, 0.000, 28.000, 0.000, 1.929, 1.300, 0.000, 0.800, 0, 1.500, -1, 4.500, 2, 0, 1, 0.000, 0, 187.600, -1.500, 1.800
6.800, 0, Ego, 177.158, -1.500, 0.000, 0.000, 0.000, 0.000, 28.000, 0.000, 5.495, 1.400, 0.000, 0.900, 0, 1.800, -1, 5.000, 0, 0, 1, 0.000, 0, 177.158, -1.500, 2.000
6.800, 1, A, 190.400, -1.500, 0.000, 0.000, 0.000, 0.000, 28.000, 0.000, 3.646, 1.300, 0.000, 0.800, 0, 1.500, -1, 4.500, 2, 0, 1, 0.000, 0, 190.400, -1.500, 1.800
6.900, 0, Ego, 179.958, -1.500, 0.000, 0.000, 0.000, 0.000, 28.000, 0.000, 0.929, 1.400, 0.000, 0.900, 0, 1.800, -1, 5.000, 0, 0, 1, 0.000, 0, 179.958, -1.500, 2.000
6.900, 1, A, 193.200, -1.500, 0.000, 0.000, 0.000, 0.000, 28.000, 0.000, 5.363, 1.300, 0.000, 0.800, 0, 1.500, -1, 4.500, 2, 0, 1, 0.000, 0, 193.200, -1.500, 1.800
7.000, 0, Ego, 182.758, -1.500, 0.000, 0.000, 0.000, 0.000, 28.000, 0.000, 2.646, 1.400, 0.000, 0.900, 0, 1.800, -1, 5.000, 0, 0, 1, 0.000, 0, 182.758, -1.500, 2.000
7.000, 1, A, 196.000, -1.500, 0.000, 0.000, 0.000, 0.000, 28.000, 0.000, 0.797, 1.300, 0.000, 0.800, 0, 1.500, -1, 4.500, 2, 0, 1, 0.000, 0, 196.000, -1.500, 1.800
7.100, 0, Ego, 185.558, -1.500, 0.000, 0.000, 0.000, 0.000, 28.000, 0.000, 4.362, 1.400, 0.000, 0.900, 0, 1.800, -1, 5.000, 0, 0, 1, 0.000, 0, 185.558, -1.500, 2.000
7.100, 1, A, 198.800, -1.500, 0.000, 0.000, 0.000, 0.000, 28.000, 0.000, 2.513, 1.300, 0.000, 0.800, 0, 1.500, -1, 4.500, 2, 0, 1, 0.000, 0, 198.800, -1.500, 1.800
7.200, 0, Ego, 188.358, -1.500, 0.000, 0.000, 0.000, 0.000, 28.000, 0.000, 6.079, 1.400, 0.000, 0.900, 0, 1.800, -1, 5.000, 0, 0, 1, 0.000, 0, 188.358, -1.500, 2.000
7.200, 1, A, 201.600, -1.500, 0.000, 0.000, 0.000, 0.000, 28.000, 0.000, 4.230, 1.300, 0.000, 0.800, 0, 1.500, -1, 4.500, 2, 0, 1, 0.000, 0, 201.600, -1.500, 1.800
7.300, 0, Ego, 191.158, -1.500, 0.000, 0.000, 0.000, 0.000, 28.000, 0.000, 1.513, 1.400, 0.000, 0.900, 0, 1.800, -1, 5.000, 0, 0, 1, 0.000, 0, 191.158, -1.500, 2.000
7.300, 1, A, 204.400, -1.500, 0.000, 0.000, 0.000, 0.000, 28.000, 0.000, 5.947, 1.300, 0.000, 0.800, 0, 1.500, -1, 4.500, 2, 0, 1, 0.000, 0, 204.400, -1.500, 1.800
7.400, 0, Ego, 193.958, -1.500, 0.000, 0.000, 0.000, 0.000, 28.000, 0.000, 3.230, 1.400, 0.000, 0.900, 0, 1.800, -1, 5.000, 0, 0, 1, 0.000, 0, 193.958, -1.500, 2.000
7.400, 1, A, 207.200, -1.500, 0.000, 0.000, 0.000, 0.000, 28.000, 0.000, 1.381, 1.300, 0.000, 0.800, 0, 1.500, -1, 4.500, 2, 0, 1, 0.000, 0, 207.200, -1.500, 1.800
7.500, 0, Ego, 196.758, -1.500, 0.000, 0.000, 0.000, 0.000, 28.000, 0.000, 4.946, 1.400, 0.000, 0.900, 0, 1.800, -1, 5.000, 0, 0, 1, 0.000, 0, 196.758, -1.500, 2.000
7.500, 1, A, 210.000, -1.500, 0.000, 0.000, 0.000, 0.000, 28.000, 0.000, 3.097, 1.300, 0.000, 0.800, 0, 1.500, -1, 4.500, 2, 0, 1, 0.000, 0, 210.000, -1.500, 1.800
7.600, 0, Ego, 199.558, -1.500, 0.000, 0.000, 0.000, 0.000, 28.000, 0.000, 0.380, 1.400, 0.000, 0.900, 0, 1.800, -1, 5.000, 0, 0, 1, 0.000, 0, 199.558, -1.500, 2.000
7.600, 1, A, 212.800, -1.500, 0.000, 0.000, 0.000, 0.000, 28.000, 0.000, 4.814, 1.300, 0.000, 0.800, 0, 1.500, -1, 4.500, 2, 0, 1, 0.000, 0, 212.800, -1.500, 1.800
7.700, 0, Ego, 202.358, -1.500, 0.000, 0.000, 0.000, 0.000, 28.000, 0.000, 2.097, 1.400, 0.000, 0.900, 0, 1.800, -1, 5.000, 0, 0, 1, 0.000, 0, 202.358, -1.500, 2.000
7.700, 1, A, 215.600, -1.500, 0.000, 0.000, 0.000, 0.000, 28.000, 0.000, 0.248, 1.300, 0.000, 0.800, 0, 1.500, -1, 4.500, 2, 0, 1, 0.000, 0, 215.600, -1.500, 1.800
7.800, 0, Ego, 205.158, -1.500, 0.000, 0.000, 0.000, 0.000, 28.000, 0.000, 3.814, 1.400, 0.000, 0.900, 0, 1.800, -1, 5.000, 0, 0, 1, 0.000, 0, 205.158, -1.500, 2.000
7.800, 1, A, 218.400, -1.500, 0.000, 0.000, 0.000, 0.000, 28.000, 0.000, 1.965, 1.300, 0.000, 0.800, 0, 1.500, -1, 4.500, 2, 0, 1, 0.000, 0, 218.400, -1.500, 1.800
7.900, 0, Ego, 207.958, -1.500, 0.000, 0.000, 0.000, 0.000, 28.000, 0.000, 5.531, 1.400, 0.000, 0.900, 0, 1.800, -1, 5.000, 0, 0, 1, 0.000, 0, 207.958, -1.500, 2.000
7.900, 1, A, 221.200, -1.500, 0.000, 0.000, 0.000, 0.000, 28.000, 0.000, 3.681, 1.300, 0.000, 0.800, 0, 1.500, -1, 4.500, 2, 0, 1, 0.000, 0, 221.200, -1.500, 1.800
8.000, 0, Ego, 210.758, -1.500, 0.000, 0.000, 0.000, 0.000, 28.000, 0.000, 0.964, 1.400, 0.000, 0.900, 0, 1.800, -1, 5.000, 0, 0, 1, 0.000, 0, 210.758, -1.500, 2.000
8.000, 1, A, 224.000, -1.500, 0.000, 0.000, 0.000, 0.000, 28.000, 0.000, 5.398, 1.300, 0.000, 0.800, 0, 1.500, -1, 4.500, 2, 0, 1, 0.000, 0, 224.000, -1.500, 1.800
8.100, 0, Ego, 213.558, -1.500, 0.000, 0.000, 0.000, 0.000, 28.000, 0.000, 2.681, 1.400, 0.000, 0.900, 0, 1.800, -1, 5.000, 0, 0, 1, 0.000, 0, 213.558, -1.500, 2.000
8.100, 1, A, 226.800, -1.500, 0.000, 0.000, 0.000, 0.000, 28.000, 0.000, 0.832, 1.300, 0.000, 0.800, 0, 1.500, -1, 4.500, 2, 0, 1, 0.000, 0, 226.800, -1.500, 1.800
8.200, 0, Ego, 216.358, -1.500, 0.000, 0.000, 0.000, 0.000, 28.000, 0.000, 4.398, 1.400, 0.000, 0.900, 0, 1.800, -1, 5.000, 0, 0, 1, 0.000, 0, 216.358, -1.500, 2.000
8.200, 1, A, 229.600, -1.500, 0.000, 0.000, 0.000, 0.000, 28.000, 0.000, 2.549, 1.300, 0.000, 0.800, 0, 1.500, -1, 4.500, 2, 0, 1, 0.000, 0, 229.600, -1.500, 1.800
8.300, 0, Ego, 219.158, -1.500, 0.000, 0.000, 0.000, 0.000, 28.000, 0.000, 6.115, 1.400, 0.000, 0.900, 0, 1.800, -1, 5.000, 0, 0, 1, 0.000, 0, 219.158, -1.500, 2.000
8.300, 1, A, 232.400, -1.500, 0.000, 0.000, 0.000, 0.000, 28.000, 0.000, 4.266, 1.300, 0.000, 0.800, 0, 1.500, -1, 4.500, 2, 0, 1, 0.000, 0, 232.400, -1.500, 1.800
8.400, 0, Ego, 221.958, -1.500, 0.000, 0.000, 0.000, 0.000, 28.000, 0.000, 1.548, 1.400, 0.000, 0.900, 0, 1.800, -1, 5.000, 0, 0, 1, 0.000, 0, 221.958, -1.500, 2.000
8.400, 1, A, 235.200, -1.500, 0.000, 0.000, 0.000, 0.000, 28.000, 0.000, 5.982, 1.300, 0.000, 0.800, 0, 1.500, -1, 4.500, 2, 0, 1, 0.000, 0, 235.200, -1.500, 1.800
8.500, 0, Ego, 224.758, -1.500, 0.000, 0.000, 0.000, 0.000, 28.000, 0.000, 3.265, 1.400, 0.000, 0.900, 0, 1.800, -1, 5.000, 0, 0, 1, 0.000, 0, 224.758, -1.500, 2.000
8.500, 1, A, 238.000, -1.500, 0.000, 0.000, 0.000, 0.000, 28.000, 0.000, 1.416, 1.300, 0.000, 0.800, 0, 1.500, -1, 4.500, 2, 0, 1, 0.000, 0, 238.000, -1.500, 1.800
8.600, 0, Ego, 227.558, -1.500, 0.000, 0.000, 0.000, 0.000, 28.000, 0.000, 4.982, 1.400, 0.000, 0.900, 0, 1.800, -1, 5.000, 0, 0, 1, 0.000, 0, 227.558, -1.500, 2.000
8.600, 1, A, 240.800, -1.500, 0.000, 0.000, 0.000, 0.000, 28.000, 0.000, 3.133, 1.300, 0.000, 0.800, 0, 1.500, -1, 4.500, 2, 0, 1, 0.000, 0, 240.800, -1.500, 1.800
8.700, 0, Ego, 230.358, -1.500, 0.000, 0.000, 0.000, 0.000, 28.000, 0.000, 0.415, 1.400, 0.000, 0.900, 0, 1.800, -1, 5.000, 0, 0, 1, 0.000, 0, 230.358, -1.500, 2.000
8.700, 1, A, 243.600, -1.500, 0.000, 0.000, 0.000, 0.000, 28.000, 0.000, 4.850, 1.300, 0.000, 0.800, 0, 1.500, -1, 4.500, 2, 0, 1, 0.000, 0, 243.600, -1.500, 1.800
8.800, 0, Ego, 233.158, -1.500, 0.000, 0.000, 0.000, 0.000, 28.000, 0.000, 2.132, 1.400, 0.000, 0.900, 0, 1.800, -1, 5.000, 0, 0, 1, 0.000, 0, 233.158, -1.500, 2.000
8.800, 1, A, 246.400, -1.500, 0.000, 0.000, 0.000, 0.000, 28.000, 0.000, 0.283, 1.300, 0.000, 0.800, 0, 1.500, -1, 4.500, 2, 0, 1, 0.000, 0, 246.400, -1.500, 1.800
8.900, 0, Ego, 235.958, -1.500, 0.000, 0.000, 0.000, 0.000, 28.000, 0.000, 3.849, 1.400, 0.000, 0.900, 0, 1.800, -1, 5.000, 0, 0, 1, 0.000, 0, 235.958, -1.500, 2.000
8.900, 1, A, 249.200, -1.500, 0.000, 0.000, 0.000, 0.000, 28.000, 0.000, 2.000, 1.300, 0.000, 0.800, 0, 1.500, -1, 4.500, 2, 0, 1, 0.000, 0, 249.200, -1.500, 1.800
9.000, 0, Ego, 238.758, -1.500, 0.000, 0.000, 0.000, 0.000, 28.000, 0.000, 5.566, 1.400, 0.000, 0.900, 0, 1.800, -1, 5.000, 0, 0, 1, 0.000, 0, 238.758, -1.500, 2.000
9.000, 1, A, 252.000, -1.500, 0.000, 0.000, 0.000, 0.000, 28.000, 0.000, 3.717, 1.300, 0.000, 0.800, 0, 1.500, -1, 4.500, 2, 0, 1, 0.000, 0, 252.000, -1.500, 1.800
9.100, 0, Ego, 241.558, -1.500, 0.000, 0.000, 0.000, 0.000, 28.000, 0.000, 1.000, 1.400, 0.000, 0.900, 0, 1.800, -1, 5.000, 0, 0, 1, 0.000, 0, 241.558, -1.500, 2.000
9.100, 1, A, 254.800, -1.500, 0.000, 0.000, 0.000, 0.000, 28.000, 0.000, 5.434, 1.300, 0.000, 0.800, 0, 1.500, -1, 4.500, 2, 0, 1, 0.000, 0, 254.800, -1.500, 1.800
9.200, 0, Ego, 244.358, -1.500, 0.000, 0.000, 0.000, 0.000, 28.000, 0.000, 2.716, 1.400, 0.000, 0.900, 0, 1.800, -1, 5.000, 0, 0, 1, 0.000, 0, 244.358, -1.500, 2.000
9.200, 1, A, 257.600, -1.500, 0.000, 0.000, 0.000, 0.000, 28.000, 0.000, 0.867, 1.300, 0.000, 0.800, 0, 1.500, -1, 4.500, 2, 0, 1, 0.000, 0, 257.600, -1.500, 1.800
9.300, 0, Ego, 247.158, -1.500, 0.000, 0.000, 0.000, 0.000, 28.000, 0.000, 4.433, 1.400, 0.000, 0.900, 0, 1.800, -1, 5.000, 0, 0, 1, 0.000, 0, 247.158, -1.500, 2.000
9.300, 1, A, 260.400, -1.500, 0.000, 0.000, 0.000, 0.000, 28.000, 0.000, 2.584, 1.300, 0.000, 0.800, 0, 1.500, -1, 4.500, 2, 0, 1, 0.000, 0, 260.400, -1.500, 1.800
9.400, 0, Ego, 249.958, -1.500, 0.000, 0.000, 0.000, 0.000, 28.000, 0.000, 6.150, 1.400, 0.000, 0.900, 0, 1.800, -1, 5.000, 0, 0, 1, 0.000, 0, 249.958, -1.500, 2.000
9.400, 1, A, 263.200, -1.500, 0.000, 0.000, 0.000, 0.000, 28.000, 0.000, 4.301, 1.300, 0.000, 0.800, 0, 1.500, -1, 4.500, 2, 0, 1, 0.000, 0, 263.200, -1.500, 1.800
9.500, 0, Ego, 252.758, -1.500, 0.000, 0.000, 0.000, 0.000, 28.000, 0.000, 1.584, 1.400, 0.000, 0.900, 0, 1.800, -1, 5.000, 0, 0, 1, 0.000, 0, 252.758, -1.500, 2.000
9.500, 1, A, 266.000, -1.500, 0.000, 0.000, 0.000, 0.000, 28.000, 0.000, 6.018, 1.300, 0.000, 0.800, 0, 1.500, -1, 4.500, 2, 0, 1, 0.000, 0, 266.000, -1.500, 1.800
9.600, 0, Ego, 255.558, -1.500, 0.000, 0.000, 0.000, 0.000, 28.000, 0.000, 3.300, 1.400, 0.000, 0.900, 0, 1.800, -1, 5.000, 0, 0, 1, 0.000, 0, 255.558, -1.500, 2.000
9.600, 1, A, 268.800, -1.500, 0.000, 0.000, 0.000, 0.000, 28.000, 0.000, 1.451, 1.300, 0.000, 0.800, 0, 1.500, -1, 4.500, 2, 0, 1, 0.000, 0, 268.800, -1.500, 1.800
9.700, 0, Ego, 258.358, -1.500, 0.000, 0.000, 0.000, 0.000, 28.000, 0.000, 5.017, 1.400, 0.000, 0.900, 0, 1.800, -1, 5.000, 0, 0, 1, 0.000, 0, 258.358, -1.500, 2.000
9.700, 1, A, 271.600, -1.500, 0.000, 0.000, 0.000, 0.000, 28.000, 0.000, 3.168, 1.300, 0.000, 0.800, 0, 1.500, -1, 4.500, 2, 0, 1, 0.000, 0, 271.600, -1.500, 1.800
9.800, 0, Ego, 261.158, -1.500, 0.000, 0.000, 0.000, 0.000, 28.000, 0.000, 0.451, 1.400, 0.000, 0.900, 0, 1.800, -1, 5.000, 0, 0, 1, 0.000, 0, 261.158, -1.500, 2.000
9.800, 1, A, 274.400, -1.500, 0.000, 0.000, 0.000, 0.000, 28.000, 0.000, 4.885, 1.300, 0.000, 0.800, 0, 1.500, -1, 4.500, 2, 0, 1, 0.000, 0, 274.400, -1.500, 1.800
9.900, 0, Ego, 263.958, -1.500, 0.000, 0.000, 0.000, 0.000, 28.000, 0.000, 2.168, 1.400, 0.000, 0.900, 0, 1.800, -1, 5.000, 0, 0, 1, 0.000, 0, 263.958, -1.500, 2.000
9.900, 1, A, 277.200, -1.500, 0.000, 0.000, 0.000, 0.000, 28.000, 0.000, 0.319, 1.300, 0.000, 0.800, 0, 1.500, -1, 4.500, 2, 0, 1, 0.000, 0, 277.200, -1.500, 1.800
